colour	y	x	label	showSelected1	showSelected2
#0000FF	0.34779844478704	10.0928336371202	Tail	1	Tail
#0000FF	0.34779844478704	10.0928336371202	Tail	2	Tail
#FF0000	0.0685416352842003	9.79989732885733	Stand	2	Stand
#0000FF	0.34779844478704	10.0928336371202	Tail	3	Tail
#FF0000	0.0685416352842003	9.79989732885733	Stand	3	Stand
#000000	0.208692259029485	10.2016717050225	Head	3	Head
#0000FF	0.34779844478704	10.0928336371202	Tail	4	Tail
#FF0000	0.0685416352842003	9.79989732885733	Stand	4	Stand
#000000	0.208692259029485	10.2016717050225	Head	4	Head
#000000	0.440773080093786	14.6949438247364	Head	4	Head
#0000FF	0.34779844478704	10.0928336371202	Tail	5	Tail
#FF0000	0.0685416352842003	9.79989732885733	Stand	5	Stand
#000000	0.208692259029485	10.2016717050225	Head	5	Head
#000000	0.440773080093786	14.6949438247364	Head	5	Head
#000000	0.265334628163837	10.5595846873242	Head	5	Head
#0000FF	0.34779844478704	10.0928336371202	Tail	6	Tail
#FF0000	0.0685416352842003	9.79989732885733	Stand	6	Stand
#000000	0.208692259029485	10.2016717050225	Head	6	Head
#000000	0.440773080093786	14.6949438247364	Head	6	Head
#000000	0.265334628163837	10.5595846873242	Head	6	Head
#0000FF	0.0990119101386517	9.48402942894027	Tail	6	Tail
#0000FF	0.34779844478704	10.0928336371202	Tail	7	Tail
#FF0000	0.0685416352842003	9.79989732885733	Stand	7	Stand
#000000	0.208692259029485	10.2016717050225	Head	7	Head
#000000	0.440773080093786	14.6949438247364	Head	7	Head
#000000	0.265334628163837	10.5595846873242	Head	7	Head
#0000FF	0.0990119101386517	9.48402942894027	Tail	7	Tail
#0000FF	0.303940535746515	13.5480563766789	Tail	7	Tail
#0000FF	0.34779844478704	10.0928336371202	Tail	8	Tail
#FF0000	0.0685416352842003	9.79989732885733	Stand	8	Stand
#000000	0.208692259029485	10.2016717050225	Head	8	Head
#000000	0.440773080093786	14.6949438247364	Head	8	Head
#000000	0.265334628163837	10.5595846873242	Head	8	Head
#0000FF	0.0990119101386517	9.48402942894027	Tail	8	Tail
#0000FF	0.303940535746515	13.5480563766789	Tail	8	Tail
#0000FF	0.389876568564214	12.3958323495463	Tail	8	Tail
#0000FF	0.34779844478704	10.0928336371202	Tail	9	Tail
#FF0000	0.0685416352842003	9.79989732885733	Stand	9	Stand
#000000	0.208692259029485	10.2016717050225	Head	9	Head
#000000	0.440773080093786	14.6949438247364	Head	9	Head
#000000	0.265334628163837	10.5595846873242	Head	9	Head
#0000FF	0.0990119101386517	9.48402942894027	Tail	9	Tail
#0000FF	0.303940535746515	13.5480563766789	Tail	9	Tail
#0000FF	0.389876568564214	12.3958323495463	Tail	9	Tail
#0000FF	0.190799326626584	12.5983628784772	Tail	9	Tail
#0000FF	0.34779844478704	10.0928336371202	Tail	10	Tail
#FF0000	0.0685416352842003	9.79989732885733	Stand	10	Stand
#000000	0.208692259029485	10.2016717050225	Head	10	Head
#000000	0.440773080093786	14.6949438247364	Head	10	Head
#000000	0.265334628163837	10.5595846873242	Head	10	Head
#0000FF	0.0990119101386517	9.48402942894027	Tail	10	Tail
#0000FF	0.303940535746515	13.5480563766789	Tail	10	Tail
#0000FF	0.389876568564214	12.3958323495463	Tail	10	Tail
#0000FF	0.190799326626584	12.5983628784772	Tail	10	Tail
#000000	0.278191281007603	15.4228747115005	Head	10	Head
#0000FF	0.34779844478704	10.0928336371202	Tail	11	Tail
#FF0000	0.0685416352842003	9.79989732885733	Stand	11	Stand
#000000	0.208692259029485	10.2016717050225	Head	11	Head
#000000	0.440773080093786	14.6949438247364	Head	11	Head
#000000	0.265334628163837	10.5595846873242	Head	11	Head
#0000FF	0.0990119101386517	9.48402942894027	Tail	11	Tail
#0000FF	0.303940535746515	13.5480563766789	Tail	11	Tail
#0000FF	0.389876568564214	12.3958323495463	Tail	11	Tail
#0000FF	0.190799326626584	12.5983628784772	Tail	11	Tail
#000000	0.278191281007603	15.4228747115005	Head	11	Head
#0000FF	0.425445936843753	14.934783432493	Tail	11	Tail
#0000FF	0.34779844478704	10.0928336371202	Tail	12	Tail
#FF0000	0.0685416352842003	9.79989732885733	Stand	12	Stand
#000000	0.208692259029485	10.2016717050225	Head	12	Head
#000000	0.440773080093786	14.6949438247364	Head	12	Head
#000000	0.265334628163837	10.5595846873242	Head	12	Head
#0000FF	0.0990119101386517	9.48402942894027	Tail	12	Tail
#0000FF	0.303940535746515	13.5480563766789	Tail	12	Tail
#0000FF	0.389876568564214	12.3958323495463	Tail	12	Tail
#0000FF	0.190799326626584	12.5983628784772	Tail	12	Tail
#000000	0.278191281007603	15.4228747115005	Head	12	Head
#0000FF	0.425445936843753	14.934783432493	Tail	12	Tail
#0000FF	0.184887986038812	10.5309668977745	Tail	12	Tail
#0000FF	0.34779844478704	10.0928336371202	Tail	13	Tail
#FF0000	0.0685416352842003	9.79989732885733	Stand	13	Stand
#000000	0.208692259029485	10.2016717050225	Head	13	Head
#000000	0.440773080093786	14.6949438247364	Head	13	Head
#000000	0.265334628163837	10.5595846873242	Head	13	Head
#0000FF	0.0990119101386517	9.48402942894027	Tail	13	Tail
#0000FF	0.303940535746515	13.5480563766789	Tail	13	Tail
#0000FF	0.389876568564214	12.3958323495463	Tail	13	Tail
#0000FF	0.190799326626584	12.5983628784772	Tail	13	Tail
#000000	0.278191281007603	15.4228747115005	Head	13	Head
#0000FF	0.425445936843753	14.934783432493	Tail	13	Tail
#0000FF	0.184887986038812	10.5309668977745	Tail	13	Tail
#FF0000	0.0581427799677476	9.07889414248057	Stand	13	Stand
#0000FF	0.34779844478704	10.0928336371202	Tail	14	Tail
#FF0000	0.0685416352842003	9.79989732885733	Stand	14	Stand
#000000	0.208692259029485	10.2016717050225	Head	14	Head
#000000	0.440773080093786	14.6949438247364	Head	14	Head
#000000	0.265334628163837	10.5595846873242	Head	14	Head
#0000FF	0.0990119101386517	9.48402942894027	Tail	14	Tail
#0000FF	0.303940535746515	13.5480563766789	Tail	14	Tail
#0000FF	0.389876568564214	12.3958323495463	Tail	14	Tail
#0000FF	0.190799326626584	12.5983628784772	Tail	14	Tail
#000000	0.278191281007603	15.4228747115005	Head	14	Head
#0000FF	0.425445936843753	14.934783432493	Tail	14	Tail
#0000FF	0.184887986038812	10.5309668977745	Tail	14	Tail
#FF0000	0.0581427799677476	9.07889414248057	Stand	14	Stand
#000000	0.345456516593695	15.9600973333232	Head	14	Head
#0000FF	0.34779844478704	10.0928336371202	Tail	15	Tail
#FF0000	0.0685416352842003	9.79989732885733	Stand	15	Stand
#000000	0.208692259029485	10.2016717050225	Head	15	Head
#000000	0.440773080093786	14.6949438247364	Head	15	Head
#000000	0.265334628163837	10.5595846873242	Head	15	Head
#0000FF	0.0990119101386517	9.48402942894027	Tail	15	Tail
#0000FF	0.303940535746515	13.5480563766789	Tail	15	Tail
#0000FF	0.389876568564214	12.3958323495463	Tail	15	Tail
#0000FF	0.190799326626584	12.5983628784772	Tail	15	Tail
#000000	0.278191281007603	15.4228747115005	Head	15	Head
#0000FF	0.425445936843753	14.934783432493	Tail	15	Tail
#0000FF	0.184887986038812	10.5309668977745	Tail	15	Tail
#FF0000	0.0581427799677476	9.07889414248057	Stand	15	Stand
#000000	0.345456516593695	15.9600973333232	Head	15	Head
#0000FF	0.238288405342028	11.0702962529846	Tail	15	Tail
#0000FF	0.34779844478704	10.0928336371202	Tail	16	Tail
#FF0000	0.0685416352842003	9.79989732885733	Stand	16	Stand
#000000	0.208692259029485	10.2016717050225	Head	16	Head
#000000	0.440773080093786	14.6949438247364	Head	16	Head
#000000	0.265334628163837	10.5595846873242	Head	16	Head
#0000FF	0.0990119101386517	9.48402942894027	Tail	16	Tail
#0000FF	0.303940535746515	13.5480563766789	Tail	16	Tail
#0000FF	0.389876568564214	12.3958323495463	Tail	16	Tail
#0000FF	0.190799326626584	12.5983628784772	Tail	16	Tail
#000000	0.278191281007603	15.4228747115005	Head	16	Head
#0000FF	0.425445936843753	14.934783432493	Tail	16	Tail
#0000FF	0.184887986038812	10.5309668977745	Tail	16	Tail
#FF0000	0.0581427799677476	9.07889414248057	Stand	16	Stand
#000000	0.345456516593695	15.9600973333232	Head	16	Head
#0000FF	0.238288405342028	11.0702962529846	Tail	16	Tail
#000000	0.0742166383331642	11.1130732515361	Head	16	Head
#0000FF	0.34779844478704	10.0928336371202	Tail	17	Tail
#FF0000	0.0685416352842003	9.79989732885733	Stand	17	Stand
#000000	0.208692259029485	10.2016717050225	Head	17	Head
#000000	0.440773080093786	14.6949438247364	Head	17	Head
#000000	0.265334628163837	10.5595846873242	Head	17	Head
#0000FF	0.0990119101386517	9.48402942894027	Tail	17	Tail
#0000FF	0.303940535746515	13.5480563766789	Tail	17	Tail
#0000FF	0.389876568564214	12.3958323495463	Tail	17	Tail
#0000FF	0.190799326626584	12.5983628784772	Tail	17	Tail
#000000	0.278191281007603	15.4228747115005	Head	17	Head
#0000FF	0.425445936843753	14.934783432493	Tail	17	Tail
#0000FF	0.184887986038812	10.5309668977745	Tail	17	Tail
#FF0000	0.0581427799677476	9.07889414248057	Stand	17	Stand
#000000	0.345456516593695	15.9600973333232	Head	17	Head
#0000FF	0.238288405342028	11.0702962529846	Tail	17	Tail
#000000	0.0742166383331642	11.1130732515361	Head	17	Head
#000000	0.248179284031503	13.4131513965316	Head	17	Head
#0000FF	0.34779844478704	10.0928336371202	Tail	18	Tail
#FF0000	0.0685416352842003	9.79989732885733	Stand	18	Stand
#000000	0.208692259029485	10.2016717050225	Head	18	Head
#000000	0.440773080093786	14.6949438247364	Head	18	Head
#000000	0.265334628163837	10.5595846873242	Head	18	Head
#0000FF	0.0990119101386517	9.48402942894027	Tail	18	Tail
#0000FF	0.303940535746515	13.5480563766789	Tail	18	Tail
#0000FF	0.389876568564214	12.3958323495463	Tail	18	Tail
#0000FF	0.190799326626584	12.5983628784772	Tail	18	Tail
#000000	0.278191281007603	15.4228747115005	Head	18	Head
#0000FF	0.425445936843753	14.934783432493	Tail	18	Tail
#0000FF	0.184887986038812	10.5309668977745	Tail	18	Tail
#FF0000	0.0581427799677476	9.07889414248057	Stand	18	Stand
#000000	0.345456516593695	15.9600973333232	Head	18	Head
#0000FF	0.238288405342028	11.0702962529846	Tail	18	Tail
#000000	0.0742166383331642	11.1130732515361	Head	18	Head
#000000	0.248179284031503	13.4131513965316	Head	18	Head
#0000FF	0.290442175571807	9.23629068378359	Tail	18	Tail
#0000FF	0.34779844478704	10.0928336371202	Tail	19	Tail
#FF0000	0.0685416352842003	9.79989732885733	Stand	19	Stand
#000000	0.208692259029485	10.2016717050225	Head	19	Head
#000000	0.440773080093786	14.6949438247364	Head	19	Head
#000000	0.265334628163837	10.5595846873242	Head	19	Head
#0000FF	0.0990119101386517	9.48402942894027	Tail	19	Tail
#0000FF	0.303940535746515	13.5480563766789	Tail	19	Tail
#0000FF	0.389876568564214	12.3958323495463	Tail	19	Tail
#0000FF	0.190799326626584	12.5983628784772	Tail	19	Tail
#000000	0.278191281007603	15.4228747115005	Head	19	Head
#0000FF	0.425445936843753	14.934783432493	Tail	19	Tail
#0000FF	0.184887986038812	10.5309668977745	Tail	19	Tail
#FF0000	0.0581427799677476	9.07889414248057	Stand	19	Stand
#000000	0.345456516593695	15.9600973333232	Head	19	Head
#0000FF	0.238288405342028	11.0702962529846	Tail	19	Tail
#000000	0.0742166383331642	11.1130732515361	Head	19	Head
#000000	0.248179284031503	13.4131513965316	Head	19	Head
#0000FF	0.290442175571807	9.23629068378359	Tail	19	Tail
#000000	0.334349135276862	13.0434483420569	Head	19	Head
#0000FF	0.34779844478704	10.0928336371202	Tail	20	Tail
#FF0000	0.0685416352842003	9.79989732885733	Stand	20	Stand
#000000	0.208692259029485	10.2016717050225	Head	20	Head
#000000	0.440773080093786	14.6949438247364	Head	20	Head
#000000	0.265334628163837	10.5595846873242	Head	20	Head
#0000FF	0.0990119101386517	9.48402942894027	Tail	20	Tail
#0000FF	0.303940535746515	13.5480563766789	Tail	20	Tail
#0000FF	0.389876568564214	12.3958323495463	Tail	20	Tail
#0000FF	0.190799326626584	12.5983628784772	Tail	20	Tail
#000000	0.278191281007603	15.4228747115005	Head	20	Head
#0000FF	0.425445936843753	14.934783432493	Tail	20	Tail
#0000FF	0.184887986038812	10.5309668977745	Tail	20	Tail
#FF0000	0.0581427799677476	9.07889414248057	Stand	20	Stand
#000000	0.345456516593695	15.9600973333232	Head	20	Head
#0000FF	0.238288405342028	11.0702962529846	Tail	20	Tail
#000000	0.0742166383331642	11.1130732515361	Head	20	Head
#000000	0.248179284031503	13.4131513965316	Head	20	Head
#0000FF	0.290442175571807	9.23629068378359	Tail	20	Tail
#000000	0.334349135276862	13.0434483420569	Head	20	Head
#0000FF	0.106898436080664	10.8325091178063	Tail	20	Tail
#0000FF	0.34779844478704	10.0928336371202	Tail	21	Tail
#FF0000	0.0685416352842003	9.79989732885733	Stand	21	Stand
#000000	0.208692259029485	10.2016717050225	Head	21	Head
#000000	0.440773080093786	14.6949438247364	Head	21	Head
#000000	0.265334628163837	10.5595846873242	Head	21	Head
#0000FF	0.0990119101386517	9.48402942894027	Tail	21	Tail
#0000FF	0.303940535746515	13.5480563766789	Tail	21	Tail
#0000FF	0.389876568564214	12.3958323495463	Tail	21	Tail
#0000FF	0.190799326626584	12.5983628784772	Tail	21	Tail
#000000	0.278191281007603	15.4228747115005	Head	21	Head
#0000FF	0.425445936843753	14.934783432493	Tail	21	Tail
#0000FF	0.184887986038812	10.5309668977745	Tail	21	Tail
#FF0000	0.0581427799677476	9.07889414248057	Stand	21	Stand
#000000	0.345456516593695	15.9600973333232	Head	21	Head
#0000FF	0.238288405342028	11.0702962529846	Tail	21	Tail
#000000	0.0742166383331642	11.1130732515361	Head	21	Head
#000000	0.248179284031503	13.4131513965316	Head	21	Head
#0000FF	0.290442175571807	9.23629068378359	Tail	21	Tail
#000000	0.334349135276862	13.0434483420569	Head	21	Head
#0000FF	0.106898436080664	10.8325091178063	Tail	21	Tail
#000000	0.0532122768834233	13.9375961172394	Head	21	Head
#0000FF	0.34779844478704	10.0928336371202	Tail	22	Tail
#FF0000	0.0685416352842003	9.79989732885733	Stand	22	Stand
#000000	0.208692259029485	10.2016717050225	Head	22	Head
#000000	0.440773080093786	14.6949438247364	Head	22	Head
#000000	0.265334628163837	10.5595846873242	Head	22	Head
#0000FF	0.0990119101386517	9.48402942894027	Tail	22	Tail
#0000FF	0.303940535746515	13.5480563766789	Tail	22	Tail
#0000FF	0.389876568564214	12.3958323495463	Tail	22	Tail
#0000FF	0.190799326626584	12.5983628784772	Tail	22	Tail
#000000	0.278191281007603	15.4228747115005	Head	22	Head
#0000FF	0.425445936843753	14.934783432493	Tail	22	Tail
#0000FF	0.184887986038812	10.5309668977745	Tail	22	Tail
#FF0000	0.0581427799677476	9.07889414248057	Stand	22	Stand
#000000	0.345456516593695	15.9600973333232	Head	22	Head
#0000FF	0.238288405342028	11.0702962529846	Tail	22	Tail
#000000	0.0742166383331642	11.1130732515361	Head	22	Head
#000000	0.248179284031503	13.4131513965316	Head	22	Head
#0000FF	0.290442175571807	9.23629068378359	Tail	22	Tail
#000000	0.334349135276862	13.0434483420569	Head	22	Head
#0000FF	0.106898436080664	10.8325091178063	Tail	22	Tail
#000000	0.0532122768834233	13.9375961172394	Head	22	Head
#000000	0.426064421762712	11.1037306327838	Head	22	Head
#0000FF	0.34779844478704	10.0928336371202	Tail	23	Tail
#FF0000	0.0685416352842003	9.79989732885733	Stand	23	Stand
#000000	0.208692259029485	10.2016717050225	Head	23	Head
#000000	0.440773080093786	14.6949438247364	Head	23	Head
#000000	0.265334628163837	10.5595846873242	Head	23	Head
#0000FF	0.0990119101386517	9.48402942894027	Tail	23	Tail
#0000FF	0.303940535746515	13.5480563766789	Tail	23	Tail
#0000FF	0.389876568564214	12.3958323495463	Tail	23	Tail
#0000FF	0.190799326626584	12.5983628784772	Tail	23	Tail
#000000	0.278191281007603	15.4228747115005	Head	23	Head
#0000FF	0.425445936843753	14.934783432493	Tail	23	Tail
#0000FF	0.184887986038812	10.5309668977745	Tail	23	Tail
#FF0000	0.0581427799677476	9.07889414248057	Stand	23	Stand
#000000	0.345456516593695	15.9600973333232	Head	23	Head
#0000FF	0.238288405342028	11.0702962529846	Tail	23	Tail
#000000	0.0742166383331642	11.1130732515361	Head	23	Head
#000000	0.248179284031503	13.4131513965316	Head	23	Head
#0000FF	0.290442175571807	9.23629068378359	Tail	23	Tail
#000000	0.334349135276862	13.0434483420569	Head	23	Head
#0000FF	0.106898436080664	10.8325091178063	Tail	23	Tail
#000000	0.0532122768834233	13.9375961172394	Head	23	Head
#000000	0.426064421762712	11.1037306327838	Head	23	Head
#000000	0.478246908974834	14.8886912561487	Head	23	Head
#0000FF	0.34779844478704	10.0928336371202	Tail	24	Tail
#FF0000	0.0685416352842003	9.79989732885733	Stand	24	Stand
#000000	0.208692259029485	10.2016717050225	Head	24	Head
#000000	0.440773080093786	14.6949438247364	Head	24	Head
#000000	0.265334628163837	10.5595846873242	Head	24	Head
#0000FF	0.0990119101386517	9.48402942894027	Tail	24	Tail
#0000FF	0.303940535746515	13.5480563766789	Tail	24	Tail
#0000FF	0.389876568564214	12.3958323495463	Tail	24	Tail
#0000FF	0.190799326626584	12.5983628784772	Tail	24	Tail
#000000	0.278191281007603	15.4228747115005	Head	24	Head
#0000FF	0.425445936843753	14.934783432493	Tail	24	Tail
#0000FF	0.184887986038812	10.5309668977745	Tail	24	Tail
#FF0000	0.0581427799677476	9.07889414248057	Stand	24	Stand
#000000	0.345456516593695	15.9600973333232	Head	24	Head
#0000FF	0.238288405342028	11.0702962529846	Tail	24	Tail
#000000	0.0742166383331642	11.1130732515361	Head	24	Head
#000000	0.248179284031503	13.4131513965316	Head	24	Head
#0000FF	0.290442175571807	9.23629068378359	Tail	24	Tail
#000000	0.334349135276862	13.0434483420569	Head	24	Head
#0000FF	0.106898436080664	10.8325091178063	Tail	24	Tail
#000000	0.0532122768834233	13.9375961172394	Head	24	Head
#000000	0.426064421762712	11.1037306327838	Head	24	Head
#000000	0.478246908974834	14.8886912561487	Head	24	Head
#0000FF	0.011337856752798	10.2213314069435	Tail	24	Tail
#0000FF	0.34779844478704	10.0928336371202	Tail	25	Tail
#FF0000	0.0685416352842003	9.79989732885733	Stand	25	Stand
#000000	0.208692259029485	10.2016717050225	Head	25	Head
#000000	0.440773080093786	14.6949438247364	Head	25	Head
#000000	0.265334628163837	10.5595846873242	Head	25	Head
#0000FF	0.0990119101386517	9.48402942894027	Tail	25	Tail
#0000FF	0.303940535746515	13.5480563766789	Tail	25	Tail
#0000FF	0.389876568564214	12.3958323495463	Tail	25	Tail
#0000FF	0.190799326626584	12.5983628784772	Tail	25	Tail
#000000	0.278191281007603	15.4228747115005	Head	25	Head
#0000FF	0.425445936843753	14.934783432493	Tail	25	Tail
#0000FF	0.184887986038812	10.5309668977745	Tail	25	Tail
#FF0000	0.0581427799677476	9.07889414248057	Stand	25	Stand
#000000	0.345456516593695	15.9600973333232	Head	25	Head
#0000FF	0.238288405342028	11.0702962529846	Tail	25	Tail
#000000	0.0742166383331642	11.1130732515361	Head	25	Head
#000000	0.248179284031503	13.4131513965316	Head	25	Head
#0000FF	0.290442175571807	9.23629068378359	Tail	25	Tail
#000000	0.334349135276862	13.0434483420569	Head	25	Head
#0000FF	0.106898436080664	10.8325091178063	Tail	25	Tail
#000000	0.0532122768834233	13.9375961172394	Head	25	Head
#000000	0.426064421762712	11.1037306327838	Head	25	Head
#000000	0.478246908974834	14.8886912561487	Head	25	Head
#0000FF	0.011337856752798	10.2213314069435	Tail	25	Tail
#0000FF	0.0558156196400523	8.34544474547729	Tail	25	Tail
#0000FF	0.34779844478704	10.0928336371202	Tail	26	Tail
#FF0000	0.0685416352842003	9.79989732885733	Stand	26	Stand
#000000	0.208692259029485	10.2016717050225	Head	26	Head
#000000	0.440773080093786	14.6949438247364	Head	26	Head
#000000	0.265334628163837	10.5595846873242	Head	26	Head
#0000FF	0.0990119101386517	9.48402942894027	Tail	26	Tail
#0000FF	0.303940535746515	13.5480563766789	Tail	26	Tail
#0000FF	0.389876568564214	12.3958323495463	Tail	26	Tail
#0000FF	0.190799326626584	12.5983628784772	Tail	26	Tail
#000000	0.278191281007603	15.4228747115005	Head	26	Head
#0000FF	0.425445936843753	14.934783432493	Tail	26	Tail
#0000FF	0.184887986038812	10.5309668977745	Tail	26	Tail
#FF0000	0.0581427799677476	9.07889414248057	Stand	26	Stand
#000000	0.345456516593695	15.9600973333232	Head	26	Head
#0000FF	0.238288405342028	11.0702962529846	Tail	26	Tail
#000000	0.0742166383331642	11.1130732515361	Head	26	Head
#000000	0.248179284031503	13.4131513965316	Head	26	Head
#0000FF	0.290442175571807	9.23629068378359	Tail	26	Tail
#000000	0.334349135276862	13.0434483420569	Head	26	Head
#0000FF	0.106898436080664	10.8325091178063	Tail	26	Tail
#000000	0.0532122768834233	13.9375961172394	Head	26	Head
#000000	0.426064421762712	11.1037306327838	Head	26	Head
#000000	0.478246908974834	14.8886912561487	Head	26	Head
#0000FF	0.011337856752798	10.2213314069435	Tail	26	Tail
#0000FF	0.0558156196400523	8.34544474547729	Tail	26	Tail
#0000FF	0.259969361000694	11.9270619048271	Tail	26	Tail
#0000FF	0.34779844478704	10.0928336371202	Tail	27	Tail
#FF0000	0.0685416352842003	9.79989732885733	Stand	27	Stand
#000000	0.208692259029485	10.2016717050225	Head	27	Head
#000000	0.440773080093786	14.6949438247364	Head	27	Head
#000000	0.265334628163837	10.5595846873242	Head	27	Head
#0000FF	0.0990119101386517	9.48402942894027	Tail	27	Tail
#0000FF	0.303940535746515	13.5480563766789	Tail	27	Tail
#0000FF	0.389876568564214	12.3958323495463	Tail	27	Tail
#0000FF	0.190799326626584	12.5983628784772	Tail	27	Tail
#000000	0.278191281007603	15.4228747115005	Head	27	Head
#0000FF	0.425445936843753	14.934783432493	Tail	27	Tail
#0000FF	0.184887986038812	10.5309668977745	Tail	27	Tail
#FF0000	0.0581427799677476	9.07889414248057	Stand	27	Stand
#000000	0.345456516593695	15.9600973333232	Head	27	Head
#0000FF	0.238288405342028	11.0702962529846	Tail	27	Tail
#000000	0.0742166383331642	11.1130732515361	Head	27	Head
#000000	0.248179284031503	13.4131513965316	Head	27	Head
#0000FF	0.290442175571807	9.23629068378359	Tail	27	Tail
#000000	0.334349135276862	13.0434483420569	Head	27	Head
#0000FF	0.106898436080664	10.8325091178063	Tail	27	Tail
#000000	0.0532122768834233	13.9375961172394	Head	27	Head
#000000	0.426064421762712	11.1037306327838	Head	27	Head
#000000	0.478246908974834	14.8886912561487	Head	27	Head
#0000FF	0.011337856752798	10.2213314069435	Tail	27	Tail
#0000FF	0.0558156196400523	8.34544474547729	Tail	27	Tail
#0000FF	0.259969361000694	11.9270619048271	Tail	27	Tail
#000000	0.255030010933988	15.7134510014672	Head	27	Head
#0000FF	0.34779844478704	10.0928336371202	Tail	28	Tail
#FF0000	0.0685416352842003	9.79989732885733	Stand	28	Stand
#000000	0.208692259029485	10.2016717050225	Head	28	Head
#000000	0.440773080093786	14.6949438247364	Head	28	Head
#000000	0.265334628163837	10.5595846873242	Head	28	Head
#0000FF	0.0990119101386517	9.48402942894027	Tail	28	Tail
#0000FF	0.303940535746515	13.5480563766789	Tail	28	Tail
#0000FF	0.389876568564214	12.3958323495463	Tail	28	Tail
#0000FF	0.190799326626584	12.5983628784772	Tail	28	Tail
#000000	0.278191281007603	15.4228747115005	Head	28	Head
#0000FF	0.425445936843753	14.934783432493	Tail	28	Tail
#0000FF	0.184887986038812	10.5309668977745	Tail	28	Tail
#FF0000	0.0581427799677476	9.07889414248057	Stand	28	Stand
#000000	0.345456516593695	15.9600973333232	Head	28	Head
#0000FF	0.238288405342028	11.0702962529846	Tail	28	Tail
#000000	0.0742166383331642	11.1130732515361	Head	28	Head
#000000	0.248179284031503	13.4131513965316	Head	28	Head
#0000FF	0.290442175571807	9.23629068378359	Tail	28	Tail
#000000	0.334349135276862	13.0434483420569	Head	28	Head
#0000FF	0.106898436080664	10.8325091178063	Tail	28	Tail
#000000	0.0532122768834233	13.9375961172394	Head	28	Head
#000000	0.426064421762712	11.1037306327838	Head	28	Head
#000000	0.478246908974834	14.8886912561487	Head	28	Head
#0000FF	0.011337856752798	10.2213314069435	Tail	28	Tail
#0000FF	0.0558156196400523	8.34544474547729	Tail	28	Tail
#0000FF	0.259969361000694	11.9270619048271	Tail	28	Tail
#000000	0.255030010933988	15.7134510014672	Head	28	Head
#000000	0.429188628322445	11.5422463124618	Head	28	Head
#0000FF	0.34779844478704	10.0928336371202	Tail	29	Tail
#FF0000	0.0685416352842003	9.79989732885733	Stand	29	Stand
#000000	0.208692259029485	10.2016717050225	Head	29	Head
#000000	0.440773080093786	14.6949438247364	Head	29	Head
#000000	0.265334628163837	10.5595846873242	Head	29	Head
#0000FF	0.0990119101386517	9.48402942894027	Tail	29	Tail
#0000FF	0.303940535746515	13.5480563766789	Tail	29	Tail
#0000FF	0.389876568564214	12.3958323495463	Tail	29	Tail
#0000FF	0.190799326626584	12.5983628784772	Tail	29	Tail
#000000	0.278191281007603	15.4228747115005	Head	29	Head
#0000FF	0.425445936843753	14.934783432493	Tail	29	Tail
#0000FF	0.184887986038812	10.5309668977745	Tail	29	Tail
#FF0000	0.0581427799677476	9.07889414248057	Stand	29	Stand
#000000	0.345456516593695	15.9600973333232	Head	29	Head
#0000FF	0.238288405342028	11.0702962529846	Tail	29	Tail
#000000	0.0742166383331642	11.1130732515361	Head	29	Head
#000000	0.248179284031503	13.4131513965316	Head	29	Head
#0000FF	0.290442175571807	9.23629068378359	Tail	29	Tail
#000000	0.334349135276862	13.0434483420569	Head	29	Head
#0000FF	0.106898436080664	10.8325091178063	Tail	29	Tail
#000000	0.0532122768834233	13.9375961172394	Head	29	Head
#000000	0.426064421762712	11.1037306327838	Head	29	Head
#000000	0.478246908974834	14.8886912561487	Head	29	Head
#0000FF	0.011337856752798	10.2213314069435	Tail	29	Tail
#0000FF	0.0558156196400523	8.34544474547729	Tail	29	Tail
#0000FF	0.259969361000694	11.9270619048271	Tail	29	Tail
#000000	0.255030010933988	15.7134510014672	Head	29	Head
#000000	0.429188628322445	11.5422463124618	Head	29	Head
#000000	0.329670511642471	14.8587810939178	Head	29	Head
#0000FF	0.34779844478704	10.0928336371202	Tail	30	Tail
#FF0000	0.0685416352842003	9.79989732885733	Stand	30	Stand
#000000	0.208692259029485	10.2016717050225	Head	30	Head
#000000	0.440773080093786	14.6949438247364	Head	30	Head
#000000	0.265334628163837	10.5595846873242	Head	30	Head
#0000FF	0.0990119101386517	9.48402942894027	Tail	30	Tail
#0000FF	0.303940535746515	13.5480563766789	Tail	30	Tail
#0000FF	0.389876568564214	12.3958323495463	Tail	30	Tail
#0000FF	0.190799326626584	12.5983628784772	Tail	30	Tail
#000000	0.278191281007603	15.4228747115005	Head	30	Head
#0000FF	0.425445936843753	14.934783432493	Tail	30	Tail
#0000FF	0.184887986038812	10.5309668977745	Tail	30	Tail
#FF0000	0.0581427799677476	9.07889414248057	Stand	30	Stand
#000000	0.345456516593695	15.9600973333232	Head	30	Head
#0000FF	0.238288405342028	11.0702962529846	Tail	30	Tail
#000000	0.0742166383331642	11.1130732515361	Head	30	Head
#000000	0.248179284031503	13.4131513965316	Head	30	Head
#0000FF	0.290442175571807	9.23629068378359	Tail	30	Tail
#000000	0.334349135276862	13.0434483420569	Head	30	Head
#0000FF	0.106898436080664	10.8325091178063	Tail	30	Tail
#000000	0.0532122768834233	13.9375961172394	Head	30	Head
#000000	0.426064421762712	11.1037306327838	Head	30	Head
#000000	0.478246908974834	14.8886912561487	Head	30	Head
#0000FF	0.011337856752798	10.2213314069435	Tail	30	Tail
#0000FF	0.0558156196400523	8.34544474547729	Tail	30	Tail
#0000FF	0.259969361000694	11.9270619048271	Tail	30	Tail
#000000	0.255030010933988	15.7134510014672	Head	30	Head
#000000	0.429188628322445	11.5422463124618	Head	30	Head
#000000	0.329670511642471	14.8587810939178	Head	30	Head
#0000FF	0.492238304917701	9.87550783022307	Tail	30	Tail
#0000FF	0.34779844478704	10.0928336371202	Tail	31	Tail
#FF0000	0.0685416352842003	9.79989732885733	Stand	31	Stand
#000000	0.208692259029485	10.2016717050225	Head	31	Head
#000000	0.440773080093786	14.6949438247364	Head	31	Head
#000000	0.265334628163837	10.5595846873242	Head	31	Head
#0000FF	0.0990119101386517	9.48402942894027	Tail	31	Tail
#0000FF	0.303940535746515	13.5480563766789	Tail	31	Tail
#0000FF	0.389876568564214	12.3958323495463	Tail	31	Tail
#0000FF	0.190799326626584	12.5983628784772	Tail	31	Tail
#000000	0.278191281007603	15.4228747115005	Head	31	Head
#0000FF	0.425445936843753	14.934783432493	Tail	31	Tail
#0000FF	0.184887986038812	10.5309668977745	Tail	31	Tail
#FF0000	0.0581427799677476	9.07889414248057	Stand	31	Stand
#000000	0.345456516593695	15.9600973333232	Head	31	Head
#0000FF	0.238288405342028	11.0702962529846	Tail	31	Tail
#000000	0.0742166383331642	11.1130732515361	Head	31	Head
#000000	0.248179284031503	13.4131513965316	Head	31	Head
#0000FF	0.290442175571807	9.23629068378359	Tail	31	Tail
#000000	0.334349135276862	13.0434483420569	Head	31	Head
#0000FF	0.106898436080664	10.8325091178063	Tail	31	Tail
#000000	0.0532122768834233	13.9375961172394	Head	31	Head
#000000	0.426064421762712	11.1037306327838	Head	31	Head
#000000	0.478246908974834	14.8886912561487	Head	31	Head
#0000FF	0.011337856752798	10.2213314069435	Tail	31	Tail
#0000FF	0.0558156196400523	8.34544474547729	Tail	31	Tail
#0000FF	0.259969361000694	11.9270619048271	Tail	31	Tail
#000000	0.255030010933988	15.7134510014672	Head	31	Head
#000000	0.429188628322445	11.5422463124618	Head	31	Head
#000000	0.329670511642471	14.8587810939178	Head	31	Head
#0000FF	0.492238304917701	9.87550783022307	Tail	31	Tail
#000000	0.508477364308201	14.3493781911675	Head	31	Head
#0000FF	0.34779844478704	10.0928336371202	Tail	32	Tail
#FF0000	0.0685416352842003	9.79989732885733	Stand	32	Stand
#000000	0.208692259029485	10.2016717050225	Head	32	Head
#000000	0.440773080093786	14.6949438247364	Head	32	Head
#000000	0.265334628163837	10.5595846873242	Head	32	Head
#0000FF	0.0990119101386517	9.48402942894027	Tail	32	Tail
#0000FF	0.303940535746515	13.5480563766789	Tail	32	Tail
#0000FF	0.389876568564214	12.3958323495463	Tail	32	Tail
#0000FF	0.190799326626584	12.5983628784772	Tail	32	Tail
#000000	0.278191281007603	15.4228747115005	Head	32	Head
#0000FF	0.425445936843753	14.934783432493	Tail	32	Tail
#0000FF	0.184887986038812	10.5309668977745	Tail	32	Tail
#FF0000	0.0581427799677476	9.07889414248057	Stand	32	Stand
#000000	0.345456516593695	15.9600973333232	Head	32	Head
#0000FF	0.238288405342028	11.0702962529846	Tail	32	Tail
#000000	0.0742166383331642	11.1130732515361	Head	32	Head
#000000	0.248179284031503	13.4131513965316	Head	32	Head
#0000FF	0.290442175571807	9.23629068378359	Tail	32	Tail
#000000	0.334349135276862	13.0434483420569	Head	32	Head
#0000FF	0.106898436080664	10.8325091178063	Tail	32	Tail
#000000	0.0532122768834233	13.9375961172394	Head	32	Head
#000000	0.426064421762712	11.1037306327838	Head	32	Head
#000000	0.478246908974834	14.8886912561487	Head	32	Head
#0000FF	0.011337856752798	10.2213314069435	Tail	32	Tail
#0000FF	0.0558156196400523	8.34544474547729	Tail	32	Tail
#0000FF	0.259969361000694	11.9270619048271	Tail	32	Tail
#000000	0.255030010933988	15.7134510014672	Head	32	Head
#000000	0.429188628322445	11.5422463124618	Head	32	Head
#000000	0.329670511642471	14.8587810939178	Head	32	Head
#0000FF	0.492238304917701	9.87550783022307	Tail	32	Tail
#000000	0.508477364308201	14.3493781911675	Head	32	Head
#0000FF	0.287183352736756	14.9384605021682	Tail	32	Tail
#0000FF	0.34779844478704	10.0928336371202	Tail	33	Tail
#FF0000	0.0685416352842003	9.79989732885733	Stand	33	Stand
#000000	0.208692259029485	10.2016717050225	Head	33	Head
#000000	0.440773080093786	14.6949438247364	Head	33	Head
#000000	0.265334628163837	10.5595846873242	Head	33	Head
#0000FF	0.0990119101386517	9.48402942894027	Tail	33	Tail
#0000FF	0.303940535746515	13.5480563766789	Tail	33	Tail
#0000FF	0.389876568564214	12.3958323495463	Tail	33	Tail
#0000FF	0.190799326626584	12.5983628784772	Tail	33	Tail
#000000	0.278191281007603	15.4228747115005	Head	33	Head
#0000FF	0.425445936843753	14.934783432493	Tail	33	Tail
#0000FF	0.184887986038812	10.5309668977745	Tail	33	Tail
#FF0000	0.0581427799677476	9.07889414248057	Stand	33	Stand
#000000	0.345456516593695	15.9600973333232	Head	33	Head
#0000FF	0.238288405342028	11.0702962529846	Tail	33	Tail
#000000	0.0742166383331642	11.1130732515361	Head	33	Head
#000000	0.248179284031503	13.4131513965316	Head	33	Head
#0000FF	0.290442175571807	9.23629068378359	Tail	33	Tail
#000000	0.334349135276862	13.0434483420569	Head	33	Head
#0000FF	0.106898436080664	10.8325091178063	Tail	33	Tail
#000000	0.0532122768834233	13.9375961172394	Head	33	Head
#000000	0.426064421762712	11.1037306327838	Head	33	Head
#000000	0.478246908974834	14.8886912561487	Head	33	Head
#0000FF	0.011337856752798	10.2213314069435	Tail	33	Tail
#0000FF	0.0558156196400523	8.34544474547729	Tail	33	Tail
#0000FF	0.259969361000694	11.9270619048271	Tail	33	Tail
#000000	0.255030010933988	15.7134510014672	Head	33	Head
#000000	0.429188628322445	11.5422463124618	Head	33	Head
#000000	0.329670511642471	14.8587810939178	Head	33	Head
#0000FF	0.492238304917701	9.87550783022307	Tail	33	Tail
#000000	0.508477364308201	14.3493781911675	Head	33	Head
#0000FF	0.287183352736756	14.9384605021682	Tail	33	Tail
#FF0000	0.239610495269299	8.59179224334657	Stand	33	Stand
#0000FF	0.34779844478704	10.0928336371202	Tail	34	Tail
#FF0000	0.0685416352842003	9.79989732885733	Stand	34	Stand
#000000	0.208692259029485	10.2016717050225	Head	34	Head
#000000	0.440773080093786	14.6949438247364	Head	34	Head
#000000	0.265334628163837	10.5595846873242	Head	34	Head
#0000FF	0.0990119101386517	9.48402942894027	Tail	34	Tail
#0000FF	0.303940535746515	13.5480563766789	Tail	34	Tail
#0000FF	0.389876568564214	12.3958323495463	Tail	34	Tail
#0000FF	0.190799326626584	12.5983628784772	Tail	34	Tail
#000000	0.278191281007603	15.4228747115005	Head	34	Head
#0000FF	0.425445936843753	14.934783432493	Tail	34	Tail
#0000FF	0.184887986038812	10.5309668977745	Tail	34	Tail
#FF0000	0.0581427799677476	9.07889414248057	Stand	34	Stand
#000000	0.345456516593695	15.9600973333232	Head	34	Head
#0000FF	0.238288405342028	11.0702962529846	Tail	34	Tail
#000000	0.0742166383331642	11.1130732515361	Head	34	Head
#000000	0.248179284031503	13.4131513965316	Head	34	Head
#0000FF	0.290442175571807	9.23629068378359	Tail	34	Tail
#000000	0.334349135276862	13.0434483420569	Head	34	Head
#0000FF	0.106898436080664	10.8325091178063	Tail	34	Tail
#000000	0.0532122768834233	13.9375961172394	Head	34	Head
#000000	0.426064421762712	11.1037306327838	Head	34	Head
#000000	0.478246908974834	14.8886912561487	Head	34	Head
#0000FF	0.011337856752798	10.2213314069435	Tail	34	Tail
#0000FF	0.0558156196400523	8.34544474547729	Tail	34	Tail
#0000FF	0.259969361000694	11.9270619048271	Tail	34	Tail
#000000	0.255030010933988	15.7134510014672	Head	34	Head
#000000	0.429188628322445	11.5422463124618	Head	34	Head
#000000	0.329670511642471	14.8587810939178	Head	34	Head
#0000FF	0.492238304917701	9.87550783022307	Tail	34	Tail
#000000	0.508477364308201	14.3493781911675	Head	34	Head
#0000FF	0.287183352736756	14.9384605021682	Tail	34	Tail
#FF0000	0.239610495269299	8.59179224334657	Stand	34	Stand
#0000FF	0.362957729715854	12.3389368312433	Tail	34	Tail
#0000FF	0.34779844478704	10.0928336371202	Tail	35	Tail
#FF0000	0.0685416352842003	9.79989732885733	Stand	35	Stand
#000000	0.208692259029485	10.2016717050225	Head	35	Head
#000000	0.440773080093786	14.6949438247364	Head	35	Head
#000000	0.265334628163837	10.5595846873242	Head	35	Head
#0000FF	0.0990119101386517	9.48402942894027	Tail	35	Tail
#0000FF	0.303940535746515	13.5480563766789	Tail	35	Tail
#0000FF	0.389876568564214	12.3958323495463	Tail	35	Tail
#0000FF	0.190799326626584	12.5983628784772	Tail	35	Tail
#000000	0.278191281007603	15.4228747115005	Head	35	Head
#0000FF	0.425445936843753	14.934783432493	Tail	35	Tail
#0000FF	0.184887986038812	10.5309668977745	Tail	35	Tail
#FF0000	0.0581427799677476	9.07889414248057	Stand	35	Stand
#000000	0.345456516593695	15.9600973333232	Head	35	Head
#0000FF	0.238288405342028	11.0702962529846	Tail	35	Tail
#000000	0.0742166383331642	11.1130732515361	Head	35	Head
#000000	0.248179284031503	13.4131513965316	Head	35	Head
#0000FF	0.290442175571807	9.23629068378359	Tail	35	Tail
#000000	0.334349135276862	13.0434483420569	Head	35	Head
#0000FF	0.106898436080664	10.8325091178063	Tail	35	Tail
#000000	0.0532122768834233	13.9375961172394	Head	35	Head
#000000	0.426064421762712	11.1037306327838	Head	35	Head
#000000	0.478246908974834	14.8886912561487	Head	35	Head
#0000FF	0.011337856752798	10.2213314069435	Tail	35	Tail
#0000FF	0.0558156196400523	8.34544474547729	Tail	35	Tail
#0000FF	0.259969361000694	11.9270619048271	Tail	35	Tail
#000000	0.255030010933988	15.7134510014672	Head	35	Head
#000000	0.429188628322445	11.5422463124618	Head	35	Head
#000000	0.329670511642471	14.8587810939178	Head	35	Head
#0000FF	0.492238304917701	9.87550783022307	Tail	35	Tail
#000000	0.508477364308201	14.3493781911675	Head	35	Head
#0000FF	0.287183352736756	14.9384605021682	Tail	35	Tail
#FF0000	0.239610495269299	8.59179224334657	Stand	35	Stand
#0000FF	0.362957729715854	12.3389368312433	Tail	35	Tail
#0000FF	0.448001621630974	9.76626442982815	Tail	35	Tail
#0000FF	0.34779844478704	10.0928336371202	Tail	36	Tail
#FF0000	0.0685416352842003	9.79989732885733	Stand	36	Stand
#000000	0.208692259029485	10.2016717050225	Head	36	Head
#000000	0.440773080093786	14.6949438247364	Head	36	Head
#000000	0.265334628163837	10.5595846873242	Head	36	Head
#0000FF	0.0990119101386517	9.48402942894027	Tail	36	Tail
#0000FF	0.303940535746515	13.5480563766789	Tail	36	Tail
#0000FF	0.389876568564214	12.3958323495463	Tail	36	Tail
#0000FF	0.190799326626584	12.5983628784772	Tail	36	Tail
#000000	0.278191281007603	15.4228747115005	Head	36	Head
#0000FF	0.425445936843753	14.934783432493	Tail	36	Tail
#0000FF	0.184887986038812	10.5309668977745	Tail	36	Tail
#FF0000	0.0581427799677476	9.07889414248057	Stand	36	Stand
#000000	0.345456516593695	15.9600973333232	Head	36	Head
#0000FF	0.238288405342028	11.0702962529846	Tail	36	Tail
#000000	0.0742166383331642	11.1130732515361	Head	36	Head
#000000	0.248179284031503	13.4131513965316	Head	36	Head
#0000FF	0.290442175571807	9.23629068378359	Tail	36	Tail
#000000	0.334349135276862	13.0434483420569	Head	36	Head
#0000FF	0.106898436080664	10.8325091178063	Tail	36	Tail
#000000	0.0532122768834233	13.9375961172394	Head	36	Head
#000000	0.426064421762712	11.1037306327838	Head	36	Head
#000000	0.478246908974834	14.8886912561487	Head	36	Head
#0000FF	0.011337856752798	10.2213314069435	Tail	36	Tail
#0000FF	0.0558156196400523	8.34544474547729	Tail	36	Tail
#0000FF	0.259969361000694	11.9270619048271	Tail	36	Tail
#000000	0.255030010933988	15.7134510014672	Head	36	Head
#000000	0.429188628322445	11.5422463124618	Head	36	Head
#000000	0.329670511642471	14.8587810939178	Head	36	Head
#0000FF	0.492238304917701	9.87550783022307	Tail	36	Tail
#000000	0.508477364308201	14.3493781911675	Head	36	Head
#0000FF	0.287183352736756	14.9384605021682	Tail	36	Tail
#FF0000	0.239610495269299	8.59179224334657	Stand	36	Stand
#0000FF	0.362957729715854	12.3389368312433	Tail	36	Tail
#0000FF	0.448001621630974	9.76626442982815	Tail	36	Tail
#000000	0.450760150086135	15.8958451168146	Head	36	Head
#0000FF	0.34779844478704	10.0928336371202	Tail	37	Tail
#FF0000	0.0685416352842003	9.79989732885733	Stand	37	Stand
#000000	0.208692259029485	10.2016717050225	Head	37	Head
#000000	0.440773080093786	14.6949438247364	Head	37	Head
#000000	0.265334628163837	10.5595846873242	Head	37	Head
#0000FF	0.0990119101386517	9.48402942894027	Tail	37	Tail
#0000FF	0.303940535746515	13.5480563766789	Tail	37	Tail
#0000FF	0.389876568564214	12.3958323495463	Tail	37	Tail
#0000FF	0.190799326626584	12.5983628784772	Tail	37	Tail
#000000	0.278191281007603	15.4228747115005	Head	37	Head
#0000FF	0.425445936843753	14.934783432493	Tail	37	Tail
#0000FF	0.184887986038812	10.5309668977745	Tail	37	Tail
#FF0000	0.0581427799677476	9.07889414248057	Stand	37	Stand
#000000	0.345456516593695	15.9600973333232	Head	37	Head
#0000FF	0.238288405342028	11.0702962529846	Tail	37	Tail
#000000	0.0742166383331642	11.1130732515361	Head	37	Head
#000000	0.248179284031503	13.4131513965316	Head	37	Head
#0000FF	0.290442175571807	9.23629068378359	Tail	37	Tail
#000000	0.334349135276862	13.0434483420569	Head	37	Head
#0000FF	0.106898436080664	10.8325091178063	Tail	37	Tail
#000000	0.0532122768834233	13.9375961172394	Head	37	Head
#000000	0.426064421762712	11.1037306327838	Head	37	Head
#000000	0.478246908974834	14.8886912561487	Head	37	Head
#0000FF	0.011337856752798	10.2213314069435	Tail	37	Tail
#0000FF	0.0558156196400523	8.34544474547729	Tail	37	Tail
#0000FF	0.259969361000694	11.9270619048271	Tail	37	Tail
#000000	0.255030010933988	15.7134510014672	Head	37	Head
#000000	0.429188628322445	11.5422463124618	Head	37	Head
#000000	0.329670511642471	14.8587810939178	Head	37	Head
#0000FF	0.492238304917701	9.87550783022307	Tail	37	Tail
#000000	0.508477364308201	14.3493781911675	Head	37	Head
#0000FF	0.287183352736756	14.9384605021682	Tail	37	Tail
#FF0000	0.239610495269299	8.59179224334657	Stand	37	Stand
#0000FF	0.362957729715854	12.3389368312433	Tail	37	Tail
#0000FF	0.448001621630974	9.76626442982815	Tail	37	Tail
#000000	0.450760150086135	15.8958451168146	Head	37	Head
#000000	0.225571414446458	9.84690808523446	Head	37	Head
#0000FF	0.34779844478704	10.0928336371202	Tail	38	Tail
#FF0000	0.0685416352842003	9.79989732885733	Stand	38	Stand
#000000	0.208692259029485	10.2016717050225	Head	38	Head
#000000	0.440773080093786	14.6949438247364	Head	38	Head
#000000	0.265334628163837	10.5595846873242	Head	38	Head
#0000FF	0.0990119101386517	9.48402942894027	Tail	38	Tail
#0000FF	0.303940535746515	13.5480563766789	Tail	38	Tail
#0000FF	0.389876568564214	12.3958323495463	Tail	38	Tail
#0000FF	0.190799326626584	12.5983628784772	Tail	38	Tail
#000000	0.278191281007603	15.4228747115005	Head	38	Head
#0000FF	0.425445936843753	14.934783432493	Tail	38	Tail
#0000FF	0.184887986038812	10.5309668977745	Tail	38	Tail
#FF0000	0.0581427799677476	9.07889414248057	Stand	38	Stand
#000000	0.345456516593695	15.9600973333232	Head	38	Head
#0000FF	0.238288405342028	11.0702962529846	Tail	38	Tail
#000000	0.0742166383331642	11.1130732515361	Head	38	Head
#000000	0.248179284031503	13.4131513965316	Head	38	Head
#0000FF	0.290442175571807	9.23629068378359	Tail	38	Tail
#000000	0.334349135276862	13.0434483420569	Head	38	Head
#0000FF	0.106898436080664	10.8325091178063	Tail	38	Tail
#000000	0.0532122768834233	13.9375961172394	Head	38	Head
#000000	0.426064421762712	11.1037306327838	Head	38	Head
#000000	0.478246908974834	14.8886912561487	Head	38	Head
#0000FF	0.011337856752798	10.2213314069435	Tail	38	Tail
#0000FF	0.0558156196400523	8.34544474547729	Tail	38	Tail
#0000FF	0.259969361000694	11.9270619048271	Tail	38	Tail
#000000	0.255030010933988	15.7134510014672	Head	38	Head
#000000	0.429188628322445	11.5422463124618	Head	38	Head
#000000	0.329670511642471	14.8587810939178	Head	38	Head
#0000FF	0.492238304917701	9.87550783022307	Tail	38	Tail
#000000	0.508477364308201	14.3493781911675	Head	38	Head
#0000FF	0.287183352736756	14.9384605021682	Tail	38	Tail
#FF0000	0.239610495269299	8.59179224334657	Stand	38	Stand
#0000FF	0.362957729715854	12.3389368312433	Tail	38	Tail
#0000FF	0.448001621630974	9.76626442982815	Tail	38	Tail
#000000	0.450760150086135	15.8958451168146	Head	38	Head
#000000	0.225571414446458	9.84690808523446	Head	38	Head
#000000	0.494245571773499	10.773409625981	Head	38	Head
#0000FF	0.34779844478704	10.0928336371202	Tail	39	Tail
#FF0000	0.0685416352842003	9.79989732885733	Stand	39	Stand
#000000	0.208692259029485	10.2016717050225	Head	39	Head
#000000	0.440773080093786	14.6949438247364	Head	39	Head
#000000	0.265334628163837	10.5595846873242	Head	39	Head
#0000FF	0.0990119101386517	9.48402942894027	Tail	39	Tail
#0000FF	0.303940535746515	13.5480563766789	Tail	39	Tail
#0000FF	0.389876568564214	12.3958323495463	Tail	39	Tail
#0000FF	0.190799326626584	12.5983628784772	Tail	39	Tail
#000000	0.278191281007603	15.4228747115005	Head	39	Head
#0000FF	0.425445936843753	14.934783432493	Tail	39	Tail
#0000FF	0.184887986038812	10.5309668977745	Tail	39	Tail
#FF0000	0.0581427799677476	9.07889414248057	Stand	39	Stand
#000000	0.345456516593695	15.9600973333232	Head	39	Head
#0000FF	0.238288405342028	11.0702962529846	Tail	39	Tail
#000000	0.0742166383331642	11.1130732515361	Head	39	Head
#000000	0.248179284031503	13.4131513965316	Head	39	Head
#0000FF	0.290442175571807	9.23629068378359	Tail	39	Tail
#000000	0.334349135276862	13.0434483420569	Head	39	Head
#0000FF	0.106898436080664	10.8325091178063	Tail	39	Tail
#000000	0.0532122768834233	13.9375961172394	Head	39	Head
#000000	0.426064421762712	11.1037306327838	Head	39	Head
#000000	0.478246908974834	14.8886912561487	Head	39	Head
#0000FF	0.011337856752798	10.2213314069435	Tail	39	Tail
#0000FF	0.0558156196400523	8.34544474547729	Tail	39	Tail
#0000FF	0.259969361000694	11.9270619048271	Tail	39	Tail
#000000	0.255030010933988	15.7134510014672	Head	39	Head
#000000	0.429188628322445	11.5422463124618	Head	39	Head
#000000	0.329670511642471	14.8587810939178	Head	39	Head
#0000FF	0.492238304917701	9.87550783022307	Tail	39	Tail
#000000	0.508477364308201	14.3493781911675	Head	39	Head
#0000FF	0.287183352736756	14.9384605021682	Tail	39	Tail
#FF0000	0.239610495269299	8.59179224334657	Stand	39	Stand
#0000FF	0.362957729715854	12.3389368312433	Tail	39	Tail
#0000FF	0.448001621630974	9.76626442982815	Tail	39	Tail
#000000	0.450760150086135	15.8958451168146	Head	39	Head
#000000	0.225571414446458	9.84690808523446	Head	39	Head
#000000	0.494245571773499	10.773409625981	Head	39	Head
#0000FF	0.310940158776939	13.7489796484355	Tail	39	Tail
#0000FF	0.34779844478704	10.0928336371202	Tail	40	Tail
#FF0000	0.0685416352842003	9.79989732885733	Stand	40	Stand
#000000	0.208692259029485	10.2016717050225	Head	40	Head
#000000	0.440773080093786	14.6949438247364	Head	40	Head
#000000	0.265334628163837	10.5595846873242	Head	40	Head
#0000FF	0.0990119101386517	9.48402942894027	Tail	40	Tail
#0000FF	0.303940535746515	13.5480563766789	Tail	40	Tail
#0000FF	0.389876568564214	12.3958323495463	Tail	40	Tail
#0000FF	0.190799326626584	12.5983628784772	Tail	40	Tail
#000000	0.278191281007603	15.4228747115005	Head	40	Head
#0000FF	0.425445936843753	14.934783432493	Tail	40	Tail
#0000FF	0.184887986038812	10.5309668977745	Tail	40	Tail
#FF0000	0.0581427799677476	9.07889414248057	Stand	40	Stand
#000000	0.345456516593695	15.9600973333232	Head	40	Head
#0000FF	0.238288405342028	11.0702962529846	Tail	40	Tail
#000000	0.0742166383331642	11.1130732515361	Head	40	Head
#000000	0.248179284031503	13.4131513965316	Head	40	Head
#0000FF	0.290442175571807	9.23629068378359	Tail	40	Tail
#000000	0.334349135276862	13.0434483420569	Head	40	Head
#0000FF	0.106898436080664	10.8325091178063	Tail	40	Tail
#000000	0.0532122768834233	13.9375961172394	Head	40	Head
#000000	0.426064421762712	11.1037306327838	Head	40	Head
#000000	0.478246908974834	14.8886912561487	Head	40	Head
#0000FF	0.011337856752798	10.2213314069435	Tail	40	Tail
#0000FF	0.0558156196400523	8.34544474547729	Tail	40	Tail
#0000FF	0.259969361000694	11.9270619048271	Tail	40	Tail
#000000	0.255030010933988	15.7134510014672	Head	40	Head
#000000	0.429188628322445	11.5422463124618	Head	40	Head
#000000	0.329670511642471	14.8587810939178	Head	40	Head
#0000FF	0.492238304917701	9.87550783022307	Tail	40	Tail
#000000	0.508477364308201	14.3493781911675	Head	40	Head
#0000FF	0.287183352736756	14.9384605021682	Tail	40	Tail
#FF0000	0.239610495269299	8.59179224334657	Stand	40	Stand
#0000FF	0.362957729715854	12.3389368312433	Tail	40	Tail
#0000FF	0.448001621630974	9.76626442982815	Tail	40	Tail
#000000	0.450760150086135	15.8958451168146	Head	40	Head
#000000	0.225571414446458	9.84690808523446	Head	40	Head
#000000	0.494245571773499	10.773409625981	Head	40	Head
#0000FF	0.310940158776939	13.7489796484355	Tail	40	Tail
#FF0000	0.271994468281046	11.1601373806596	Stand	40	Stand
#0000FF	0.34779844478704	10.0928336371202	Tail	41	Tail
#FF0000	0.0685416352842003	9.79989732885733	Stand	41	Stand
#000000	0.208692259029485	10.2016717050225	Head	41	Head
#000000	0.440773080093786	14.6949438247364	Head	41	Head
#000000	0.265334628163837	10.5595846873242	Head	41	Head
#0000FF	0.0990119101386517	9.48402942894027	Tail	41	Tail
#0000FF	0.303940535746515	13.5480563766789	Tail	41	Tail
#0000FF	0.389876568564214	12.3958323495463	Tail	41	Tail
#0000FF	0.190799326626584	12.5983628784772	Tail	41	Tail
#000000	0.278191281007603	15.4228747115005	Head	41	Head
#0000FF	0.425445936843753	14.934783432493	Tail	41	Tail
#0000FF	0.184887986038812	10.5309668977745	Tail	41	Tail
#FF0000	0.0581427799677476	9.07889414248057	Stand	41	Stand
#000000	0.345456516593695	15.9600973333232	Head	41	Head
#0000FF	0.238288405342028	11.0702962529846	Tail	41	Tail
#000000	0.0742166383331642	11.1130732515361	Head	41	Head
#000000	0.248179284031503	13.4131513965316	Head	41	Head
#0000FF	0.290442175571807	9.23629068378359	Tail	41	Tail
#000000	0.334349135276862	13.0434483420569	Head	41	Head
#0000FF	0.106898436080664	10.8325091178063	Tail	41	Tail
#000000	0.0532122768834233	13.9375961172394	Head	41	Head
#000000	0.426064421762712	11.1037306327838	Head	41	Head
#000000	0.478246908974834	14.8886912561487	Head	41	Head
#0000FF	0.011337856752798	10.2213314069435	Tail	41	Tail
#0000FF	0.0558156196400523	8.34544474547729	Tail	41	Tail
#0000FF	0.259969361000694	11.9270619048271	Tail	41	Tail
#000000	0.255030010933988	15.7134510014672	Head	41	Head
#000000	0.429188628322445	11.5422463124618	Head	41	Head
#000000	0.329670511642471	14.8587810939178	Head	41	Head
#0000FF	0.492238304917701	9.87550783022307	Tail	41	Tail
#000000	0.508477364308201	14.3493781911675	Head	41	Head
#0000FF	0.287183352736756	14.9384605021682	Tail	41	Tail
#FF0000	0.239610495269299	8.59179224334657	Stand	41	Stand
#0000FF	0.362957729715854	12.3389368312433	Tail	41	Tail
#0000FF	0.448001621630974	9.76626442982815	Tail	41	Tail
#000000	0.450760150086135	15.8958451168146	Head	41	Head
#000000	0.225571414446458	9.84690808523446	Head	41	Head
#000000	0.494245571773499	10.773409625981	Head	41	Head
#0000FF	0.310940158776939	13.7489796484355	Tail	41	Tail
#FF0000	0.271994468281046	11.1601373806596	Stand	41	Stand
#000000	0.459911499861628	14.4910243749153	Head	41	Head
#0000FF	0.34779844478704	10.0928336371202	Tail	42	Tail
#FF0000	0.0685416352842003	9.79989732885733	Stand	42	Stand
#000000	0.208692259029485	10.2016717050225	Head	42	Head
#000000	0.440773080093786	14.6949438247364	Head	42	Head
#000000	0.265334628163837	10.5595846873242	Head	42	Head
#0000FF	0.0990119101386517	9.48402942894027	Tail	42	Tail
#0000FF	0.303940535746515	13.5480563766789	Tail	42	Tail
#0000FF	0.389876568564214	12.3958323495463	Tail	42	Tail
#0000FF	0.190799326626584	12.5983628784772	Tail	42	Tail
#000000	0.278191281007603	15.4228747115005	Head	42	Head
#0000FF	0.425445936843753	14.934783432493	Tail	42	Tail
#0000FF	0.184887986038812	10.5309668977745	Tail	42	Tail
#FF0000	0.0581427799677476	9.07889414248057	Stand	42	Stand
#000000	0.345456516593695	15.9600973333232	Head	42	Head
#0000FF	0.238288405342028	11.0702962529846	Tail	42	Tail
#000000	0.0742166383331642	11.1130732515361	Head	42	Head
#000000	0.248179284031503	13.4131513965316	Head	42	Head
#0000FF	0.290442175571807	9.23629068378359	Tail	42	Tail
#000000	0.334349135276862	13.0434483420569	Head	42	Head
#0000FF	0.106898436080664	10.8325091178063	Tail	42	Tail
#000000	0.0532122768834233	13.9375961172394	Head	42	Head
#000000	0.426064421762712	11.1037306327838	Head	42	Head
#000000	0.478246908974834	14.8886912561487	Head	42	Head
#0000FF	0.011337856752798	10.2213314069435	Tail	42	Tail
#0000FF	0.0558156196400523	8.34544474547729	Tail	42	Tail
#0000FF	0.259969361000694	11.9270619048271	Tail	42	Tail
#000000	0.255030010933988	15.7134510014672	Head	42	Head
#000000	0.429188628322445	11.5422463124618	Head	42	Head
#000000	0.329670511642471	14.8587810939178	Head	42	Head
#0000FF	0.492238304917701	9.87550783022307	Tail	42	Tail
#000000	0.508477364308201	14.3493781911675	Head	42	Head
#0000FF	0.287183352736756	14.9384605021682	Tail	42	Tail
#FF0000	0.239610495269299	8.59179224334657	Stand	42	Stand
#0000FF	0.362957729715854	12.3389368312433	Tail	42	Tail
#0000FF	0.448001621630974	9.76626442982815	Tail	42	Tail
#000000	0.450760150086135	15.8958451168146	Head	42	Head
#000000	0.225571414446458	9.84690808523446	Head	42	Head
#000000	0.494245571773499	10.773409625981	Head	42	Head
#0000FF	0.310940158776939	13.7489796484355	Tail	42	Tail
#FF0000	0.271994468281046	11.1601373806596	Stand	42	Stand
#000000	0.459911499861628	14.4910243749153	Head	42	Head
#000000	0.422637603119947	9.39313502809964	Head	42	Head
#0000FF	0.34779844478704	10.0928336371202	Tail	43	Tail
#FF0000	0.0685416352842003	9.79989732885733	Stand	43	Stand
#000000	0.208692259029485	10.2016717050225	Head	43	Head
#000000	0.440773080093786	14.6949438247364	Head	43	Head
#000000	0.265334628163837	10.5595846873242	Head	43	Head
#0000FF	0.0990119101386517	9.48402942894027	Tail	43	Tail
#0000FF	0.303940535746515	13.5480563766789	Tail	43	Tail
#0000FF	0.389876568564214	12.3958323495463	Tail	43	Tail
#0000FF	0.190799326626584	12.5983628784772	Tail	43	Tail
#000000	0.278191281007603	15.4228747115005	Head	43	Head
#0000FF	0.425445936843753	14.934783432493	Tail	43	Tail
#0000FF	0.184887986038812	10.5309668977745	Tail	43	Tail
#FF0000	0.0581427799677476	9.07889414248057	Stand	43	Stand
#000000	0.345456516593695	15.9600973333232	Head	43	Head
#0000FF	0.238288405342028	11.0702962529846	Tail	43	Tail
#000000	0.0742166383331642	11.1130732515361	Head	43	Head
#000000	0.248179284031503	13.4131513965316	Head	43	Head
#0000FF	0.290442175571807	9.23629068378359	Tail	43	Tail
#000000	0.334349135276862	13.0434483420569	Head	43	Head
#0000FF	0.106898436080664	10.8325091178063	Tail	43	Tail
#000000	0.0532122768834233	13.9375961172394	Head	43	Head
#000000	0.426064421762712	11.1037306327838	Head	43	Head
#000000	0.478246908974834	14.8886912561487	Head	43	Head
#0000FF	0.011337856752798	10.2213314069435	Tail	43	Tail
#0000FF	0.0558156196400523	8.34544474547729	Tail	43	Tail
#0000FF	0.259969361000694	11.9270619048271	Tail	43	Tail
#000000	0.255030010933988	15.7134510014672	Head	43	Head
#000000	0.429188628322445	11.5422463124618	Head	43	Head
#000000	0.329670511642471	14.8587810939178	Head	43	Head
#0000FF	0.492238304917701	9.87550783022307	Tail	43	Tail
#000000	0.508477364308201	14.3493781911675	Head	43	Head
#0000FF	0.287183352736756	14.9384605021682	Tail	43	Tail
#FF0000	0.239610495269299	8.59179224334657	Stand	43	Stand
#0000FF	0.362957729715854	12.3389368312433	Tail	43	Tail
#0000FF	0.448001621630974	9.76626442982815	Tail	43	Tail
#000000	0.450760150086135	15.8958451168146	Head	43	Head
#000000	0.225571414446458	9.84690808523446	Head	43	Head
#000000	0.494245571773499	10.773409625981	Head	43	Head
#0000FF	0.310940158776939	13.7489796484355	Tail	43	Tail
#FF0000	0.271994468281046	11.1601373806596	Stand	43	Stand
#000000	0.459911499861628	14.4910243749153	Head	43	Head
#000000	0.422637603119947	9.39313502809964	Head	43	Head
#000000	0.323829484512098	14.3989587429445	Head	43	Head
#0000FF	0.34779844478704	10.0928336371202	Tail	44	Tail
#FF0000	0.0685416352842003	9.79989732885733	Stand	44	Stand
#000000	0.208692259029485	10.2016717050225	Head	44	Head
#000000	0.440773080093786	14.6949438247364	Head	44	Head
#000000	0.265334628163837	10.5595846873242	Head	44	Head
#0000FF	0.0990119101386517	9.48402942894027	Tail	44	Tail
#0000FF	0.303940535746515	13.5480563766789	Tail	44	Tail
#0000FF	0.389876568564214	12.3958323495463	Tail	44	Tail
#0000FF	0.190799326626584	12.5983628784772	Tail	44	Tail
#000000	0.278191281007603	15.4228747115005	Head	44	Head
#0000FF	0.425445936843753	14.934783432493	Tail	44	Tail
#0000FF	0.184887986038812	10.5309668977745	Tail	44	Tail
#FF0000	0.0581427799677476	9.07889414248057	Stand	44	Stand
#000000	0.345456516593695	15.9600973333232	Head	44	Head
#0000FF	0.238288405342028	11.0702962529846	Tail	44	Tail
#000000	0.0742166383331642	11.1130732515361	Head	44	Head
#000000	0.248179284031503	13.4131513965316	Head	44	Head
#0000FF	0.290442175571807	9.23629068378359	Tail	44	Tail
#000000	0.334349135276862	13.0434483420569	Head	44	Head
#0000FF	0.106898436080664	10.8325091178063	Tail	44	Tail
#000000	0.0532122768834233	13.9375961172394	Head	44	Head
#000000	0.426064421762712	11.1037306327838	Head	44	Head
#000000	0.478246908974834	14.8886912561487	Head	44	Head
#0000FF	0.011337856752798	10.2213314069435	Tail	44	Tail
#0000FF	0.0558156196400523	8.34544474547729	Tail	44	Tail
#0000FF	0.259969361000694	11.9270619048271	Tail	44	Tail
#000000	0.255030010933988	15.7134510014672	Head	44	Head
#000000	0.429188628322445	11.5422463124618	Head	44	Head
#000000	0.329670511642471	14.8587810939178	Head	44	Head
#0000FF	0.492238304917701	9.87550783022307	Tail	44	Tail
#000000	0.508477364308201	14.3493781911675	Head	44	Head
#0000FF	0.287183352736756	14.9384605021682	Tail	44	Tail
#FF0000	0.239610495269299	8.59179224334657	Stand	44	Stand
#0000FF	0.362957729715854	12.3389368312433	Tail	44	Tail
#0000FF	0.448001621630974	9.76626442982815	Tail	44	Tail
#000000	0.450760150086135	15.8958451168146	Head	44	Head
#000000	0.225571414446458	9.84690808523446	Head	44	Head
#000000	0.494245571773499	10.773409625981	Head	44	Head
#0000FF	0.310940158776939	13.7489796484355	Tail	44	Tail
#FF0000	0.271994468281046	11.1601373806596	Stand	44	Stand
#000000	0.459911499861628	14.4910243749153	Head	44	Head
#000000	0.422637603119947	9.39313502809964	Head	44	Head
#000000	0.323829484512098	14.3989587429445	Head	44	Head
#000000	0.348937883847393	14.1470437079668	Head	44	Head
#0000FF	0.34779844478704	10.0928336371202	Tail	45	Tail
#FF0000	0.0685416352842003	9.79989732885733	Stand	45	Stand
#000000	0.208692259029485	10.2016717050225	Head	45	Head
#000000	0.440773080093786	14.6949438247364	Head	45	Head
#000000	0.265334628163837	10.5595846873242	Head	45	Head
#0000FF	0.0990119101386517	9.48402942894027	Tail	45	Tail
#0000FF	0.303940535746515	13.5480563766789	Tail	45	Tail
#0000FF	0.389876568564214	12.3958323495463	Tail	45	Tail
#0000FF	0.190799326626584	12.5983628784772	Tail	45	Tail
#000000	0.278191281007603	15.4228747115005	Head	45	Head
#0000FF	0.425445936843753	14.934783432493	Tail	45	Tail
#0000FF	0.184887986038812	10.5309668977745	Tail	45	Tail
#FF0000	0.0581427799677476	9.07889414248057	Stand	45	Stand
#000000	0.345456516593695	15.9600973333232	Head	45	Head
#0000FF	0.238288405342028	11.0702962529846	Tail	45	Tail
#000000	0.0742166383331642	11.1130732515361	Head	45	Head
#000000	0.248179284031503	13.4131513965316	Head	45	Head
#0000FF	0.290442175571807	9.23629068378359	Tail	45	Tail
#000000	0.334349135276862	13.0434483420569	Head	45	Head
#0000FF	0.106898436080664	10.8325091178063	Tail	45	Tail
#000000	0.0532122768834233	13.9375961172394	Head	45	Head
#000000	0.426064421762712	11.1037306327838	Head	45	Head
#000000	0.478246908974834	14.8886912561487	Head	45	Head
#0000FF	0.011337856752798	10.2213314069435	Tail	45	Tail
#0000FF	0.0558156196400523	8.34544474547729	Tail	45	Tail
#0000FF	0.259969361000694	11.9270619048271	Tail	45	Tail
#000000	0.255030010933988	15.7134510014672	Head	45	Head
#000000	0.429188628322445	11.5422463124618	Head	45	Head
#000000	0.329670511642471	14.8587810939178	Head	45	Head
#0000FF	0.492238304917701	9.87550783022307	Tail	45	Tail
#000000	0.508477364308201	14.3493781911675	Head	45	Head
#0000FF	0.287183352736756	14.9384605021682	Tail	45	Tail
#FF0000	0.239610495269299	8.59179224334657	Stand	45	Stand
#0000FF	0.362957729715854	12.3389368312433	Tail	45	Tail
#0000FF	0.448001621630974	9.76626442982815	Tail	45	Tail
#000000	0.450760150086135	15.8958451168146	Head	45	Head
#000000	0.225571414446458	9.84690808523446	Head	45	Head
#000000	0.494245571773499	10.773409625981	Head	45	Head
#0000FF	0.310940158776939	13.7489796484355	Tail	45	Tail
#FF0000	0.271994468281046	11.1601373806596	Stand	45	Stand
#000000	0.459911499861628	14.4910243749153	Head	45	Head
#000000	0.422637603119947	9.39313502809964	Head	45	Head
#000000	0.323829484512098	14.3989587429445	Head	45	Head
#000000	0.348937883847393	14.1470437079668	Head	45	Head
#0000FF	0.254226533453912	15.0054516400676	Tail	45	Tail
#0000FF	0.34779844478704	10.0928336371202	Tail	46	Tail
#FF0000	0.0685416352842003	9.79989732885733	Stand	46	Stand
#000000	0.208692259029485	10.2016717050225	Head	46	Head
#000000	0.440773080093786	14.6949438247364	Head	46	Head
#000000	0.265334628163837	10.5595846873242	Head	46	Head
#0000FF	0.0990119101386517	9.48402942894027	Tail	46	Tail
#0000FF	0.303940535746515	13.5480563766789	Tail	46	Tail
#0000FF	0.389876568564214	12.3958323495463	Tail	46	Tail
#0000FF	0.190799326626584	12.5983628784772	Tail	46	Tail
#000000	0.278191281007603	15.4228747115005	Head	46	Head
#0000FF	0.425445936843753	14.934783432493	Tail	46	Tail
#0000FF	0.184887986038812	10.5309668977745	Tail	46	Tail
#FF0000	0.0581427799677476	9.07889414248057	Stand	46	Stand
#000000	0.345456516593695	15.9600973333232	Head	46	Head
#0000FF	0.238288405342028	11.0702962529846	Tail	46	Tail
#000000	0.0742166383331642	11.1130732515361	Head	46	Head
#000000	0.248179284031503	13.4131513965316	Head	46	Head
#0000FF	0.290442175571807	9.23629068378359	Tail	46	Tail
#000000	0.334349135276862	13.0434483420569	Head	46	Head
#0000FF	0.106898436080664	10.8325091178063	Tail	46	Tail
#000000	0.0532122768834233	13.9375961172394	Head	46	Head
#000000	0.426064421762712	11.1037306327838	Head	46	Head
#000000	0.478246908974834	14.8886912561487	Head	46	Head
#0000FF	0.011337856752798	10.2213314069435	Tail	46	Tail
#0000FF	0.0558156196400523	8.34544474547729	Tail	46	Tail
#0000FF	0.259969361000694	11.9270619048271	Tail	46	Tail
#000000	0.255030010933988	15.7134510014672	Head	46	Head
#000000	0.429188628322445	11.5422463124618	Head	46	Head
#000000	0.329670511642471	14.8587810939178	Head	46	Head
#0000FF	0.492238304917701	9.87550783022307	Tail	46	Tail
#000000	0.508477364308201	14.3493781911675	Head	46	Head
#0000FF	0.287183352736756	14.9384605021682	Tail	46	Tail
#FF0000	0.239610495269299	8.59179224334657	Stand	46	Stand
#0000FF	0.362957729715854	12.3389368312433	Tail	46	Tail
#0000FF	0.448001621630974	9.76626442982815	Tail	46	Tail
#000000	0.450760150086135	15.8958451168146	Head	46	Head
#000000	0.225571414446458	9.84690808523446	Head	46	Head
#000000	0.494245571773499	10.773409625981	Head	46	Head
#0000FF	0.310940158776939	13.7489796484355	Tail	46	Tail
#FF0000	0.271994468281046	11.1601373806596	Stand	46	Stand
#000000	0.459911499861628	14.4910243749153	Head	46	Head
#000000	0.422637603119947	9.39313502809964	Head	46	Head
#000000	0.323829484512098	14.3989587429445	Head	46	Head
#000000	0.348937883847393	14.1470437079668	Head	46	Head
#0000FF	0.254226533453912	15.0054516400676	Tail	46	Tail
#0000FF	0.308001287854277	14.6725838366896	Tail	46	Tail
#0000FF	0.34779844478704	10.0928336371202	Tail	47	Tail
#FF0000	0.0685416352842003	9.79989732885733	Stand	47	Stand
#000000	0.208692259029485	10.2016717050225	Head	47	Head
#000000	0.440773080093786	14.6949438247364	Head	47	Head
#000000	0.265334628163837	10.5595846873242	Head	47	Head
#0000FF	0.0990119101386517	9.48402942894027	Tail	47	Tail
#0000FF	0.303940535746515	13.5480563766789	Tail	47	Tail
#0000FF	0.389876568564214	12.3958323495463	Tail	47	Tail
#0000FF	0.190799326626584	12.5983628784772	Tail	47	Tail
#000000	0.278191281007603	15.4228747115005	Head	47	Head
#0000FF	0.425445936843753	14.934783432493	Tail	47	Tail
#0000FF	0.184887986038812	10.5309668977745	Tail	47	Tail
#FF0000	0.0581427799677476	9.07889414248057	Stand	47	Stand
#000000	0.345456516593695	15.9600973333232	Head	47	Head
#0000FF	0.238288405342028	11.0702962529846	Tail	47	Tail
#000000	0.0742166383331642	11.1130732515361	Head	47	Head
#000000	0.248179284031503	13.4131513965316	Head	47	Head
#0000FF	0.290442175571807	9.23629068378359	Tail	47	Tail
#000000	0.334349135276862	13.0434483420569	Head	47	Head
#0000FF	0.106898436080664	10.8325091178063	Tail	47	Tail
#000000	0.0532122768834233	13.9375961172394	Head	47	Head
#000000	0.426064421762712	11.1037306327838	Head	47	Head
#000000	0.478246908974834	14.8886912561487	Head	47	Head
#0000FF	0.011337856752798	10.2213314069435	Tail	47	Tail
#0000FF	0.0558156196400523	8.34544474547729	Tail	47	Tail
#0000FF	0.259969361000694	11.9270619048271	Tail	47	Tail
#000000	0.255030010933988	15.7134510014672	Head	47	Head
#000000	0.429188628322445	11.5422463124618	Head	47	Head
#000000	0.329670511642471	14.8587810939178	Head	47	Head
#0000FF	0.492238304917701	9.87550783022307	Tail	47	Tail
#000000	0.508477364308201	14.3493781911675	Head	47	Head
#0000FF	0.287183352736756	14.9384605021682	Tail	47	Tail
#FF0000	0.239610495269299	8.59179224334657	Stand	47	Stand
#0000FF	0.362957729715854	12.3389368312433	Tail	47	Tail
#0000FF	0.448001621630974	9.76626442982815	Tail	47	Tail
#000000	0.450760150086135	15.8958451168146	Head	47	Head
#000000	0.225571414446458	9.84690808523446	Head	47	Head
#000000	0.494245571773499	10.773409625981	Head	47	Head
#0000FF	0.310940158776939	13.7489796484355	Tail	47	Tail
#FF0000	0.271994468281046	11.1601373806596	Stand	47	Stand
#000000	0.459911499861628	14.4910243749153	Head	47	Head
#000000	0.422637603119947	9.39313502809964	Head	47	Head
#000000	0.323829484512098	14.3989587429445	Head	47	Head
#000000	0.348937883847393	14.1470437079668	Head	47	Head
#0000FF	0.254226533453912	15.0054516400676	Tail	47	Tail
#0000FF	0.308001287854277	14.6725838366896	Tail	47	Tail
#0000FF	0.0886149550694972	14.7146526134573	Tail	47	Tail
#0000FF	0.34779844478704	10.0928336371202	Tail	48	Tail
#FF0000	0.0685416352842003	9.79989732885733	Stand	48	Stand
#000000	0.208692259029485	10.2016717050225	Head	48	Head
#000000	0.440773080093786	14.6949438247364	Head	48	Head
#000000	0.265334628163837	10.5595846873242	Head	48	Head
#0000FF	0.0990119101386517	9.48402942894027	Tail	48	Tail
#0000FF	0.303940535746515	13.5480563766789	Tail	48	Tail
#0000FF	0.389876568564214	12.3958323495463	Tail	48	Tail
#0000FF	0.190799326626584	12.5983628784772	Tail	48	Tail
#000000	0.278191281007603	15.4228747115005	Head	48	Head
#0000FF	0.425445936843753	14.934783432493	Tail	48	Tail
#0000FF	0.184887986038812	10.5309668977745	Tail	48	Tail
#FF0000	0.0581427799677476	9.07889414248057	Stand	48	Stand
#000000	0.345456516593695	15.9600973333232	Head	48	Head
#0000FF	0.238288405342028	11.0702962529846	Tail	48	Tail
#000000	0.0742166383331642	11.1130732515361	Head	48	Head
#000000	0.248179284031503	13.4131513965316	Head	48	Head
#0000FF	0.290442175571807	9.23629068378359	Tail	48	Tail
#000000	0.334349135276862	13.0434483420569	Head	48	Head
#0000FF	0.106898436080664	10.8325091178063	Tail	48	Tail
#000000	0.0532122768834233	13.9375961172394	Head	48	Head
#000000	0.426064421762712	11.1037306327838	Head	48	Head
#000000	0.478246908974834	14.8886912561487	Head	48	Head
#0000FF	0.011337856752798	10.2213314069435	Tail	48	Tail
#0000FF	0.0558156196400523	8.34544474547729	Tail	48	Tail
#0000FF	0.259969361000694	11.9270619048271	Tail	48	Tail
#000000	0.255030010933988	15.7134510014672	Head	48	Head
#000000	0.429188628322445	11.5422463124618	Head	48	Head
#000000	0.329670511642471	14.8587810939178	Head	48	Head
#0000FF	0.492238304917701	9.87550783022307	Tail	48	Tail
#000000	0.508477364308201	14.3493781911675	Head	48	Head
#0000FF	0.287183352736756	14.9384605021682	Tail	48	Tail
#FF0000	0.239610495269299	8.59179224334657	Stand	48	Stand
#0000FF	0.362957729715854	12.3389368312433	Tail	48	Tail
#0000FF	0.448001621630974	9.76626442982815	Tail	48	Tail
#000000	0.450760150086135	15.8958451168146	Head	48	Head
#000000	0.225571414446458	9.84690808523446	Head	48	Head
#000000	0.494245571773499	10.773409625981	Head	48	Head
#0000FF	0.310940158776939	13.7489796484355	Tail	48	Tail
#FF0000	0.271994468281046	11.1601373806596	Stand	48	Stand
#000000	0.459911499861628	14.4910243749153	Head	48	Head
#000000	0.422637603119947	9.39313502809964	Head	48	Head
#000000	0.323829484512098	14.3989587429445	Head	48	Head
#000000	0.348937883847393	14.1470437079668	Head	48	Head
#0000FF	0.254226533453912	15.0054516400676	Tail	48	Tail
#0000FF	0.308001287854277	14.6725838366896	Tail	48	Tail
#0000FF	0.0886149550694972	14.7146526134573	Tail	48	Tail
#0000FF	0.400541814034805	13.1596622859593	Tail	48	Tail
#0000FF	0.34779844478704	10.0928336371202	Tail	49	Tail
#FF0000	0.0685416352842003	9.79989732885733	Stand	49	Stand
#000000	0.208692259029485	10.2016717050225	Head	49	Head
#000000	0.440773080093786	14.6949438247364	Head	49	Head
#000000	0.265334628163837	10.5595846873242	Head	49	Head
#0000FF	0.0990119101386517	9.48402942894027	Tail	49	Tail
#0000FF	0.303940535746515	13.5480563766789	Tail	49	Tail
#0000FF	0.389876568564214	12.3958323495463	Tail	49	Tail
#0000FF	0.190799326626584	12.5983628784772	Tail	49	Tail
#000000	0.278191281007603	15.4228747115005	Head	49	Head
#0000FF	0.425445936843753	14.934783432493	Tail	49	Tail
#0000FF	0.184887986038812	10.5309668977745	Tail	49	Tail
#FF0000	0.0581427799677476	9.07889414248057	Stand	49	Stand
#000000	0.345456516593695	15.9600973333232	Head	49	Head
#0000FF	0.238288405342028	11.0702962529846	Tail	49	Tail
#000000	0.0742166383331642	11.1130732515361	Head	49	Head
#000000	0.248179284031503	13.4131513965316	Head	49	Head
#0000FF	0.290442175571807	9.23629068378359	Tail	49	Tail
#000000	0.334349135276862	13.0434483420569	Head	49	Head
#0000FF	0.106898436080664	10.8325091178063	Tail	49	Tail
#000000	0.0532122768834233	13.9375961172394	Head	49	Head
#000000	0.426064421762712	11.1037306327838	Head	49	Head
#000000	0.478246908974834	14.8886912561487	Head	49	Head
#0000FF	0.011337856752798	10.2213314069435	Tail	49	Tail
#0000FF	0.0558156196400523	8.34544474547729	Tail	49	Tail
#0000FF	0.259969361000694	11.9270619048271	Tail	49	Tail
#000000	0.255030010933988	15.7134510014672	Head	49	Head
#000000	0.429188628322445	11.5422463124618	Head	49	Head
#000000	0.329670511642471	14.8587810939178	Head	49	Head
#0000FF	0.492238304917701	9.87550783022307	Tail	49	Tail
#000000	0.508477364308201	14.3493781911675	Head	49	Head
#0000FF	0.287183352736756	14.9384605021682	Tail	49	Tail
#FF0000	0.239610495269299	8.59179224334657	Stand	49	Stand
#0000FF	0.362957729715854	12.3389368312433	Tail	49	Tail
#0000FF	0.448001621630974	9.76626442982815	Tail	49	Tail
#000000	0.450760150086135	15.8958451168146	Head	49	Head
#000000	0.225571414446458	9.84690808523446	Head	49	Head
#000000	0.494245571773499	10.773409625981	Head	49	Head
#0000FF	0.310940158776939	13.7489796484355	Tail	49	Tail
#FF0000	0.271994468281046	11.1601373806596	Stand	49	Stand
#000000	0.459911499861628	14.4910243749153	Head	49	Head
#000000	0.422637603119947	9.39313502809964	Head	49	Head
#000000	0.323829484512098	14.3989587429445	Head	49	Head
#000000	0.348937883847393	14.1470437079668	Head	49	Head
#0000FF	0.254226533453912	15.0054516400676	Tail	49	Tail
#0000FF	0.308001287854277	14.6725838366896	Tail	49	Tail
#0000FF	0.0886149550694972	14.7146526134573	Tail	49	Tail
#0000FF	0.400541814034805	13.1596622859593	Tail	49	Tail
#FF0000	0.0774653053283691	14.9222718230449	Stand	49	Stand
#0000FF	0.34779844478704	10.0928336371202	Tail	50	Tail
#FF0000	0.0685416352842003	9.79989732885733	Stand	50	Stand
#000000	0.208692259029485	10.2016717050225	Head	50	Head
#000000	0.440773080093786	14.6949438247364	Head	50	Head
#000000	0.265334628163837	10.5595846873242	Head	50	Head
#0000FF	0.0990119101386517	9.48402942894027	Tail	50	Tail
#0000FF	0.303940535746515	13.5480563766789	Tail	50	Tail
#0000FF	0.389876568564214	12.3958323495463	Tail	50	Tail
#0000FF	0.190799326626584	12.5983628784772	Tail	50	Tail
#000000	0.278191281007603	15.4228747115005	Head	50	Head
#0000FF	0.425445936843753	14.934783432493	Tail	50	Tail
#0000FF	0.184887986038812	10.5309668977745	Tail	50	Tail
#FF0000	0.0581427799677476	9.07889414248057	Stand	50	Stand
#000000	0.345456516593695	15.9600973333232	Head	50	Head
#0000FF	0.238288405342028	11.0702962529846	Tail	50	Tail
#000000	0.0742166383331642	11.1130732515361	Head	50	Head
#000000	0.248179284031503	13.4131513965316	Head	50	Head
#0000FF	0.290442175571807	9.23629068378359	Tail	50	Tail
#000000	0.334349135276862	13.0434483420569	Head	50	Head
#0000FF	0.106898436080664	10.8325091178063	Tail	50	Tail
#000000	0.0532122768834233	13.9375961172394	Head	50	Head
#000000	0.426064421762712	11.1037306327838	Head	50	Head
#000000	0.478246908974834	14.8886912561487	Head	50	Head
#0000FF	0.011337856752798	10.2213314069435	Tail	50	Tail
#0000FF	0.0558156196400523	8.34544474547729	Tail	50	Tail
#0000FF	0.259969361000694	11.9270619048271	Tail	50	Tail
#000000	0.255030010933988	15.7134510014672	Head	50	Head
#000000	0.429188628322445	11.5422463124618	Head	50	Head
#000000	0.329670511642471	14.8587810939178	Head	50	Head
#0000FF	0.492238304917701	9.87550783022307	Tail	50	Tail
#000000	0.508477364308201	14.3493781911675	Head	50	Head
#0000FF	0.287183352736756	14.9384605021682	Tail	50	Tail
#FF0000	0.239610495269299	8.59179224334657	Stand	50	Stand
#0000FF	0.362957729715854	12.3389368312433	Tail	50	Tail
#0000FF	0.448001621630974	9.76626442982815	Tail	50	Tail
#000000	0.450760150086135	15.8958451168146	Head	50	Head
#000000	0.225571414446458	9.84690808523446	Head	50	Head
#000000	0.494245571773499	10.773409625981	Head	50	Head
#0000FF	0.310940158776939	13.7489796484355	Tail	50	Tail
#FF0000	0.271994468281046	11.1601373806596	Stand	50	Stand
#000000	0.459911499861628	14.4910243749153	Head	50	Head
#000000	0.422637603119947	9.39313502809964	Head	50	Head
#000000	0.323829484512098	14.3989587429445	Head	50	Head
#000000	0.348937883847393	14.1470437079668	Head	50	Head
#0000FF	0.254226533453912	15.0054516400676	Tail	50	Tail
#0000FF	0.308001287854277	14.6725838366896	Tail	50	Tail
#0000FF	0.0886149550694972	14.7146526134573	Tail	50	Tail
#0000FF	0.400541814034805	13.1596622859593	Tail	50	Tail
#FF0000	0.0774653053283691	14.9222718230449	Stand	50	Stand
#000000	0.16381146594882	12.9644438959192	Head	50	Head
#0000FF	0.34779844478704	10.0928336371202	Tail	51	Tail
#FF0000	0.0685416352842003	9.79989732885733	Stand	51	Stand
#000000	0.208692259029485	10.2016717050225	Head	51	Head
#000000	0.440773080093786	14.6949438247364	Head	51	Head
#000000	0.265334628163837	10.5595846873242	Head	51	Head
#0000FF	0.0990119101386517	9.48402942894027	Tail	51	Tail
#0000FF	0.303940535746515	13.5480563766789	Tail	51	Tail
#0000FF	0.389876568564214	12.3958323495463	Tail	51	Tail
#0000FF	0.190799326626584	12.5983628784772	Tail	51	Tail
#000000	0.278191281007603	15.4228747115005	Head	51	Head
#0000FF	0.425445936843753	14.934783432493	Tail	51	Tail
#0000FF	0.184887986038812	10.5309668977745	Tail	51	Tail
#FF0000	0.0581427799677476	9.07889414248057	Stand	51	Stand
#000000	0.345456516593695	15.9600973333232	Head	51	Head
#0000FF	0.238288405342028	11.0702962529846	Tail	51	Tail
#000000	0.0742166383331642	11.1130732515361	Head	51	Head
#000000	0.248179284031503	13.4131513965316	Head	51	Head
#0000FF	0.290442175571807	9.23629068378359	Tail	51	Tail
#000000	0.334349135276862	13.0434483420569	Head	51	Head
#0000FF	0.106898436080664	10.8325091178063	Tail	51	Tail
#000000	0.0532122768834233	13.9375961172394	Head	51	Head
#000000	0.426064421762712	11.1037306327838	Head	51	Head
#000000	0.478246908974834	14.8886912561487	Head	51	Head
#0000FF	0.011337856752798	10.2213314069435	Tail	51	Tail
#0000FF	0.0558156196400523	8.34544474547729	Tail	51	Tail
#0000FF	0.259969361000694	11.9270619048271	Tail	51	Tail
#000000	0.255030010933988	15.7134510014672	Head	51	Head
#000000	0.429188628322445	11.5422463124618	Head	51	Head
#000000	0.329670511642471	14.8587810939178	Head	51	Head
#0000FF	0.492238304917701	9.87550783022307	Tail	51	Tail
#000000	0.508477364308201	14.3493781911675	Head	51	Head
#0000FF	0.287183352736756	14.9384605021682	Tail	51	Tail
#FF0000	0.239610495269299	8.59179224334657	Stand	51	Stand
#0000FF	0.362957729715854	12.3389368312433	Tail	51	Tail
#0000FF	0.448001621630974	9.76626442982815	Tail	51	Tail
#000000	0.450760150086135	15.8958451168146	Head	51	Head
#000000	0.225571414446458	9.84690808523446	Head	51	Head
#000000	0.494245571773499	10.773409625981	Head	51	Head
#0000FF	0.310940158776939	13.7489796484355	Tail	51	Tail
#FF0000	0.271994468281046	11.1601373806596	Stand	51	Stand
#000000	0.459911499861628	14.4910243749153	Head	51	Head
#000000	0.422637603119947	9.39313502809964	Head	51	Head
#000000	0.323829484512098	14.3989587429445	Head	51	Head
#000000	0.348937883847393	14.1470437079668	Head	51	Head
#0000FF	0.254226533453912	15.0054516400676	Tail	51	Tail
#0000FF	0.308001287854277	14.6725838366896	Tail	51	Tail
#0000FF	0.0886149550694972	14.7146526134573	Tail	51	Tail
#0000FF	0.400541814034805	13.1596622859593	Tail	51	Tail
#FF0000	0.0774653053283691	14.9222718230449	Stand	51	Stand
#000000	0.16381146594882	12.9644438959192	Head	51	Head
#0000FF	0.499793324144557	11.2073162660003	Tail	51	Tail
#0000FF	0.34779844478704	10.0928336371202	Tail	52	Tail
#FF0000	0.0685416352842003	9.79989732885733	Stand	52	Stand
#000000	0.208692259029485	10.2016717050225	Head	52	Head
#000000	0.440773080093786	14.6949438247364	Head	52	Head
#000000	0.265334628163837	10.5595846873242	Head	52	Head
#0000FF	0.0990119101386517	9.48402942894027	Tail	52	Tail
#0000FF	0.303940535746515	13.5480563766789	Tail	52	Tail
#0000FF	0.389876568564214	12.3958323495463	Tail	52	Tail
#0000FF	0.190799326626584	12.5983628784772	Tail	52	Tail
#000000	0.278191281007603	15.4228747115005	Head	52	Head
#0000FF	0.425445936843753	14.934783432493	Tail	52	Tail
#0000FF	0.184887986038812	10.5309668977745	Tail	52	Tail
#FF0000	0.0581427799677476	9.07889414248057	Stand	52	Stand
#000000	0.345456516593695	15.9600973333232	Head	52	Head
#0000FF	0.238288405342028	11.0702962529846	Tail	52	Tail
#000000	0.0742166383331642	11.1130732515361	Head	52	Head
#000000	0.248179284031503	13.4131513965316	Head	52	Head
#0000FF	0.290442175571807	9.23629068378359	Tail	52	Tail
#000000	0.334349135276862	13.0434483420569	Head	52	Head
#0000FF	0.106898436080664	10.8325091178063	Tail	52	Tail
#000000	0.0532122768834233	13.9375961172394	Head	52	Head
#000000	0.426064421762712	11.1037306327838	Head	52	Head
#000000	0.478246908974834	14.8886912561487	Head	52	Head
#0000FF	0.011337856752798	10.2213314069435	Tail	52	Tail
#0000FF	0.0558156196400523	8.34544474547729	Tail	52	Tail
#0000FF	0.259969361000694	11.9270619048271	Tail	52	Tail
#000000	0.255030010933988	15.7134510014672	Head	52	Head
#000000	0.429188628322445	11.5422463124618	Head	52	Head
#000000	0.329670511642471	14.8587810939178	Head	52	Head
#0000FF	0.492238304917701	9.87550783022307	Tail	52	Tail
#000000	0.508477364308201	14.3493781911675	Head	52	Head
#0000FF	0.287183352736756	14.9384605021682	Tail	52	Tail
#FF0000	0.239610495269299	8.59179224334657	Stand	52	Stand
#0000FF	0.362957729715854	12.3389368312433	Tail	52	Tail
#0000FF	0.448001621630974	9.76626442982815	Tail	52	Tail
#000000	0.450760150086135	15.8958451168146	Head	52	Head
#000000	0.225571414446458	9.84690808523446	Head	52	Head
#000000	0.494245571773499	10.773409625981	Head	52	Head
#0000FF	0.310940158776939	13.7489796484355	Tail	52	Tail
#FF0000	0.271994468281046	11.1601373806596	Stand	52	Stand
#000000	0.459911499861628	14.4910243749153	Head	52	Head
#000000	0.422637603119947	9.39313502809964	Head	52	Head
#000000	0.323829484512098	14.3989587429445	Head	52	Head
#000000	0.348937883847393	14.1470437079668	Head	52	Head
#0000FF	0.254226533453912	15.0054516400676	Tail	52	Tail
#0000FF	0.308001287854277	14.6725838366896	Tail	52	Tail
#0000FF	0.0886149550694972	14.7146526134573	Tail	52	Tail
#0000FF	0.400541814034805	13.1596622859593	Tail	52	Tail
#FF0000	0.0774653053283691	14.9222718230449	Stand	52	Stand
#000000	0.16381146594882	12.9644438959192	Head	52	Head
#0000FF	0.499793324144557	11.2073162660003	Tail	52	Tail
#000000	0.337280595432967	15.5000076191965	Head	52	Head
#0000FF	0.34779844478704	10.0928336371202	Tail	53	Tail
#FF0000	0.0685416352842003	9.79989732885733	Stand	53	Stand
#000000	0.208692259029485	10.2016717050225	Head	53	Head
#000000	0.440773080093786	14.6949438247364	Head	53	Head
#000000	0.265334628163837	10.5595846873242	Head	53	Head
#0000FF	0.0990119101386517	9.48402942894027	Tail	53	Tail
#0000FF	0.303940535746515	13.5480563766789	Tail	53	Tail
#0000FF	0.389876568564214	12.3958323495463	Tail	53	Tail
#0000FF	0.190799326626584	12.5983628784772	Tail	53	Tail
#000000	0.278191281007603	15.4228747115005	Head	53	Head
#0000FF	0.425445936843753	14.934783432493	Tail	53	Tail
#0000FF	0.184887986038812	10.5309668977745	Tail	53	Tail
#FF0000	0.0581427799677476	9.07889414248057	Stand	53	Stand
#000000	0.345456516593695	15.9600973333232	Head	53	Head
#0000FF	0.238288405342028	11.0702962529846	Tail	53	Tail
#000000	0.0742166383331642	11.1130732515361	Head	53	Head
#000000	0.248179284031503	13.4131513965316	Head	53	Head
#0000FF	0.290442175571807	9.23629068378359	Tail	53	Tail
#000000	0.334349135276862	13.0434483420569	Head	53	Head
#0000FF	0.106898436080664	10.8325091178063	Tail	53	Tail
#000000	0.0532122768834233	13.9375961172394	Head	53	Head
#000000	0.426064421762712	11.1037306327838	Head	53	Head
#000000	0.478246908974834	14.8886912561487	Head	53	Head
#0000FF	0.011337856752798	10.2213314069435	Tail	53	Tail
#0000FF	0.0558156196400523	8.34544474547729	Tail	53	Tail
#0000FF	0.259969361000694	11.9270619048271	Tail	53	Tail
#000000	0.255030010933988	15.7134510014672	Head	53	Head
#000000	0.429188628322445	11.5422463124618	Head	53	Head
#000000	0.329670511642471	14.8587810939178	Head	53	Head
#0000FF	0.492238304917701	9.87550783022307	Tail	53	Tail
#000000	0.508477364308201	14.3493781911675	Head	53	Head
#0000FF	0.287183352736756	14.9384605021682	Tail	53	Tail
#FF0000	0.239610495269299	8.59179224334657	Stand	53	Stand
#0000FF	0.362957729715854	12.3389368312433	Tail	53	Tail
#0000FF	0.448001621630974	9.76626442982815	Tail	53	Tail
#000000	0.450760150086135	15.8958451168146	Head	53	Head
#000000	0.225571414446458	9.84690808523446	Head	53	Head
#000000	0.494245571773499	10.773409625981	Head	53	Head
#0000FF	0.310940158776939	13.7489796484355	Tail	53	Tail
#FF0000	0.271994468281046	11.1601373806596	Stand	53	Stand
#000000	0.459911499861628	14.4910243749153	Head	53	Head
#000000	0.422637603119947	9.39313502809964	Head	53	Head
#000000	0.323829484512098	14.3989587429445	Head	53	Head
#000000	0.348937883847393	14.1470437079668	Head	53	Head
#0000FF	0.254226533453912	15.0054516400676	Tail	53	Tail
#0000FF	0.308001287854277	14.6725838366896	Tail	53	Tail
#0000FF	0.0886149550694972	14.7146526134573	Tail	53	Tail
#0000FF	0.400541814034805	13.1596622859593	Tail	53	Tail
#FF0000	0.0774653053283691	14.9222718230449	Stand	53	Stand
#000000	0.16381146594882	12.9644438959192	Head	53	Head
#0000FF	0.499793324144557	11.2073162660003	Tail	53	Tail
#000000	0.337280595432967	15.5000076191965	Head	53	Head
#000000	0.424898494607769	13.0087041860912	Head	53	Head
#0000FF	0.34779844478704	10.0928336371202	Tail	54	Tail
#FF0000	0.0685416352842003	9.79989732885733	Stand	54	Stand
#000000	0.208692259029485	10.2016717050225	Head	54	Head
#000000	0.440773080093786	14.6949438247364	Head	54	Head
#000000	0.265334628163837	10.5595846873242	Head	54	Head
#0000FF	0.0990119101386517	9.48402942894027	Tail	54	Tail
#0000FF	0.303940535746515	13.5480563766789	Tail	54	Tail
#0000FF	0.389876568564214	12.3958323495463	Tail	54	Tail
#0000FF	0.190799326626584	12.5983628784772	Tail	54	Tail
#000000	0.278191281007603	15.4228747115005	Head	54	Head
#0000FF	0.425445936843753	14.934783432493	Tail	54	Tail
#0000FF	0.184887986038812	10.5309668977745	Tail	54	Tail
#FF0000	0.0581427799677476	9.07889414248057	Stand	54	Stand
#000000	0.345456516593695	15.9600973333232	Head	54	Head
#0000FF	0.238288405342028	11.0702962529846	Tail	54	Tail
#000000	0.0742166383331642	11.1130732515361	Head	54	Head
#000000	0.248179284031503	13.4131513965316	Head	54	Head
#0000FF	0.290442175571807	9.23629068378359	Tail	54	Tail
#000000	0.334349135276862	13.0434483420569	Head	54	Head
#0000FF	0.106898436080664	10.8325091178063	Tail	54	Tail
#000000	0.0532122768834233	13.9375961172394	Head	54	Head
#000000	0.426064421762712	11.1037306327838	Head	54	Head
#000000	0.478246908974834	14.8886912561487	Head	54	Head
#0000FF	0.011337856752798	10.2213314069435	Tail	54	Tail
#0000FF	0.0558156196400523	8.34544474547729	Tail	54	Tail
#0000FF	0.259969361000694	11.9270619048271	Tail	54	Tail
#000000	0.255030010933988	15.7134510014672	Head	54	Head
#000000	0.429188628322445	11.5422463124618	Head	54	Head
#000000	0.329670511642471	14.8587810939178	Head	54	Head
#0000FF	0.492238304917701	9.87550783022307	Tail	54	Tail
#000000	0.508477364308201	14.3493781911675	Head	54	Head
#0000FF	0.287183352736756	14.9384605021682	Tail	54	Tail
#FF0000	0.239610495269299	8.59179224334657	Stand	54	Stand
#0000FF	0.362957729715854	12.3389368312433	Tail	54	Tail
#0000FF	0.448001621630974	9.76626442982815	Tail	54	Tail
#000000	0.450760150086135	15.8958451168146	Head	54	Head
#000000	0.225571414446458	9.84690808523446	Head	54	Head
#000000	0.494245571773499	10.773409625981	Head	54	Head
#0000FF	0.310940158776939	13.7489796484355	Tail	54	Tail
#FF0000	0.271994468281046	11.1601373806596	Stand	54	Stand
#000000	0.459911499861628	14.4910243749153	Head	54	Head
#000000	0.422637603119947	9.39313502809964	Head	54	Head
#000000	0.323829484512098	14.3989587429445	Head	54	Head
#000000	0.348937883847393	14.1470437079668	Head	54	Head
#0000FF	0.254226533453912	15.0054516400676	Tail	54	Tail
#0000FF	0.308001287854277	14.6725838366896	Tail	54	Tail
#0000FF	0.0886149550694972	14.7146526134573	Tail	54	Tail
#0000FF	0.400541814034805	13.1596622859593	Tail	54	Tail
#FF0000	0.0774653053283691	14.9222718230449	Stand	54	Stand
#000000	0.16381146594882	12.9644438959192	Head	54	Head
#0000FF	0.499793324144557	11.2073162660003	Tail	54	Tail
#000000	0.337280595432967	15.5000076191965	Head	54	Head
#000000	0.424898494607769	13.0087041860912	Head	54	Head
#0000FF	0.111165250292979	8.88728319909423	Tail	54	Tail
#0000FF	0.34779844478704	10.0928336371202	Tail	55	Tail
#FF0000	0.0685416352842003	9.79989732885733	Stand	55	Stand
#000000	0.208692259029485	10.2016717050225	Head	55	Head
#000000	0.440773080093786	14.6949438247364	Head	55	Head
#000000	0.265334628163837	10.5595846873242	Head	55	Head
#0000FF	0.0990119101386517	9.48402942894027	Tail	55	Tail
#0000FF	0.303940535746515	13.5480563766789	Tail	55	Tail
#0000FF	0.389876568564214	12.3958323495463	Tail	55	Tail
#0000FF	0.190799326626584	12.5983628784772	Tail	55	Tail
#000000	0.278191281007603	15.4228747115005	Head	55	Head
#0000FF	0.425445936843753	14.934783432493	Tail	55	Tail
#0000FF	0.184887986038812	10.5309668977745	Tail	55	Tail
#FF0000	0.0581427799677476	9.07889414248057	Stand	55	Stand
#000000	0.345456516593695	15.9600973333232	Head	55	Head
#0000FF	0.238288405342028	11.0702962529846	Tail	55	Tail
#000000	0.0742166383331642	11.1130732515361	Head	55	Head
#000000	0.248179284031503	13.4131513965316	Head	55	Head
#0000FF	0.290442175571807	9.23629068378359	Tail	55	Tail
#000000	0.334349135276862	13.0434483420569	Head	55	Head
#0000FF	0.106898436080664	10.8325091178063	Tail	55	Tail
#000000	0.0532122768834233	13.9375961172394	Head	55	Head
#000000	0.426064421762712	11.1037306327838	Head	55	Head
#000000	0.478246908974834	14.8886912561487	Head	55	Head
#0000FF	0.011337856752798	10.2213314069435	Tail	55	Tail
#0000FF	0.0558156196400523	8.34544474547729	Tail	55	Tail
#0000FF	0.259969361000694	11.9270619048271	Tail	55	Tail
#000000	0.255030010933988	15.7134510014672	Head	55	Head
#000000	0.429188628322445	11.5422463124618	Head	55	Head
#000000	0.329670511642471	14.8587810939178	Head	55	Head
#0000FF	0.492238304917701	9.87550783022307	Tail	55	Tail
#000000	0.508477364308201	14.3493781911675	Head	55	Head
#0000FF	0.287183352736756	14.9384605021682	Tail	55	Tail
#FF0000	0.239610495269299	8.59179224334657	Stand	55	Stand
#0000FF	0.362957729715854	12.3389368312433	Tail	55	Tail
#0000FF	0.448001621630974	9.76626442982815	Tail	55	Tail
#000000	0.450760150086135	15.8958451168146	Head	55	Head
#000000	0.225571414446458	9.84690808523446	Head	55	Head
#000000	0.494245571773499	10.773409625981	Head	55	Head
#0000FF	0.310940158776939	13.7489796484355	Tail	55	Tail
#FF0000	0.271994468281046	11.1601373806596	Stand	55	Stand
#000000	0.459911499861628	14.4910243749153	Head	55	Head
#000000	0.422637603119947	9.39313502809964	Head	55	Head
#000000	0.323829484512098	14.3989587429445	Head	55	Head
#000000	0.348937883847393	14.1470437079668	Head	55	Head
#0000FF	0.254226533453912	15.0054516400676	Tail	55	Tail
#0000FF	0.308001287854277	14.6725838366896	Tail	55	Tail
#0000FF	0.0886149550694972	14.7146526134573	Tail	55	Tail
#0000FF	0.400541814034805	13.1596622859593	Tail	55	Tail
#FF0000	0.0774653053283691	14.9222718230449	Stand	55	Stand
#000000	0.16381146594882	12.9644438959192	Head	55	Head
#0000FF	0.499793324144557	11.2073162660003	Tail	55	Tail
#000000	0.337280595432967	15.5000076191965	Head	55	Head
#000000	0.424898494607769	13.0087041860912	Head	55	Head
#0000FF	0.111165250292979	8.88728319909423	Tail	55	Tail
#0000FF	0.453740587332286	11.5412940931972	Tail	55	Tail
#0000FF	0.34779844478704	10.0928336371202	Tail	56	Tail
#FF0000	0.0685416352842003	9.79989732885733	Stand	56	Stand
#000000	0.208692259029485	10.2016717050225	Head	56	Head
#000000	0.440773080093786	14.6949438247364	Head	56	Head
#000000	0.265334628163837	10.5595846873242	Head	56	Head
#0000FF	0.0990119101386517	9.48402942894027	Tail	56	Tail
#0000FF	0.303940535746515	13.5480563766789	Tail	56	Tail
#0000FF	0.389876568564214	12.3958323495463	Tail	56	Tail
#0000FF	0.190799326626584	12.5983628784772	Tail	56	Tail
#000000	0.278191281007603	15.4228747115005	Head	56	Head
#0000FF	0.425445936843753	14.934783432493	Tail	56	Tail
#0000FF	0.184887986038812	10.5309668977745	Tail	56	Tail
#FF0000	0.0581427799677476	9.07889414248057	Stand	56	Stand
#000000	0.345456516593695	15.9600973333232	Head	56	Head
#0000FF	0.238288405342028	11.0702962529846	Tail	56	Tail
#000000	0.0742166383331642	11.1130732515361	Head	56	Head
#000000	0.248179284031503	13.4131513965316	Head	56	Head
#0000FF	0.290442175571807	9.23629068378359	Tail	56	Tail
#000000	0.334349135276862	13.0434483420569	Head	56	Head
#0000FF	0.106898436080664	10.8325091178063	Tail	56	Tail
#000000	0.0532122768834233	13.9375961172394	Head	56	Head
#000000	0.426064421762712	11.1037306327838	Head	56	Head
#000000	0.478246908974834	14.8886912561487	Head	56	Head
#0000FF	0.011337856752798	10.2213314069435	Tail	56	Tail
#0000FF	0.0558156196400523	8.34544474547729	Tail	56	Tail
#0000FF	0.259969361000694	11.9270619048271	Tail	56	Tail
#000000	0.255030010933988	15.7134510014672	Head	56	Head
#000000	0.429188628322445	11.5422463124618	Head	56	Head
#000000	0.329670511642471	14.8587810939178	Head	56	Head
#0000FF	0.492238304917701	9.87550783022307	Tail	56	Tail
#000000	0.508477364308201	14.3493781911675	Head	56	Head
#0000FF	0.287183352736756	14.9384605021682	Tail	56	Tail
#FF0000	0.239610495269299	8.59179224334657	Stand	56	Stand
#0000FF	0.362957729715854	12.3389368312433	Tail	56	Tail
#0000FF	0.448001621630974	9.76626442982815	Tail	56	Tail
#000000	0.450760150086135	15.8958451168146	Head	56	Head
#000000	0.225571414446458	9.84690808523446	Head	56	Head
#000000	0.494245571773499	10.773409625981	Head	56	Head
#0000FF	0.310940158776939	13.7489796484355	Tail	56	Tail
#FF0000	0.271994468281046	11.1601373806596	Stand	56	Stand
#000000	0.459911499861628	14.4910243749153	Head	56	Head
#000000	0.422637603119947	9.39313502809964	Head	56	Head
#000000	0.323829484512098	14.3989587429445	Head	56	Head
#000000	0.348937883847393	14.1470437079668	Head	56	Head
#0000FF	0.254226533453912	15.0054516400676	Tail	56	Tail
#0000FF	0.308001287854277	14.6725838366896	Tail	56	Tail
#0000FF	0.0886149550694972	14.7146526134573	Tail	56	Tail
#0000FF	0.400541814034805	13.1596622859593	Tail	56	Tail
#FF0000	0.0774653053283691	14.9222718230449	Stand	56	Stand
#000000	0.16381146594882	12.9644438959192	Head	56	Head
#0000FF	0.499793324144557	11.2073162660003	Tail	56	Tail
#000000	0.337280595432967	15.5000076191965	Head	56	Head
#000000	0.424898494607769	13.0087041860912	Head	56	Head
#0000FF	0.111165250292979	8.88728319909423	Tail	56	Tail
#0000FF	0.453740587332286	11.5412940931972	Tail	56	Tail
#0000FF	0.239629023931921	12.4057538162451	Tail	56	Tail
#0000FF	0.34779844478704	10.0928336371202	Tail	57	Tail
#FF0000	0.0685416352842003	9.79989732885733	Stand	57	Stand
#000000	0.208692259029485	10.2016717050225	Head	57	Head
#000000	0.440773080093786	14.6949438247364	Head	57	Head
#000000	0.265334628163837	10.5595846873242	Head	57	Head
#0000FF	0.0990119101386517	9.48402942894027	Tail	57	Tail
#0000FF	0.303940535746515	13.5480563766789	Tail	57	Tail
#0000FF	0.389876568564214	12.3958323495463	Tail	57	Tail
#0000FF	0.190799326626584	12.5983628784772	Tail	57	Tail
#000000	0.278191281007603	15.4228747115005	Head	57	Head
#0000FF	0.425445936843753	14.934783432493	Tail	57	Tail
#0000FF	0.184887986038812	10.5309668977745	Tail	57	Tail
#FF0000	0.0581427799677476	9.07889414248057	Stand	57	Stand
#000000	0.345456516593695	15.9600973333232	Head	57	Head
#0000FF	0.238288405342028	11.0702962529846	Tail	57	Tail
#000000	0.0742166383331642	11.1130732515361	Head	57	Head
#000000	0.248179284031503	13.4131513965316	Head	57	Head
#0000FF	0.290442175571807	9.23629068378359	Tail	57	Tail
#000000	0.334349135276862	13.0434483420569	Head	57	Head
#0000FF	0.106898436080664	10.8325091178063	Tail	57	Tail
#000000	0.0532122768834233	13.9375961172394	Head	57	Head
#000000	0.426064421762712	11.1037306327838	Head	57	Head
#000000	0.478246908974834	14.8886912561487	Head	57	Head
#0000FF	0.011337856752798	10.2213314069435	Tail	57	Tail
#0000FF	0.0558156196400523	8.34544474547729	Tail	57	Tail
#0000FF	0.259969361000694	11.9270619048271	Tail	57	Tail
#000000	0.255030010933988	15.7134510014672	Head	57	Head
#000000	0.429188628322445	11.5422463124618	Head	57	Head
#000000	0.329670511642471	14.8587810939178	Head	57	Head
#0000FF	0.492238304917701	9.87550783022307	Tail	57	Tail
#000000	0.508477364308201	14.3493781911675	Head	57	Head
#0000FF	0.287183352736756	14.9384605021682	Tail	57	Tail
#FF0000	0.239610495269299	8.59179224334657	Stand	57	Stand
#0000FF	0.362957729715854	12.3389368312433	Tail	57	Tail
#0000FF	0.448001621630974	9.76626442982815	Tail	57	Tail
#000000	0.450760150086135	15.8958451168146	Head	57	Head
#000000	0.225571414446458	9.84690808523446	Head	57	Head
#000000	0.494245571773499	10.773409625981	Head	57	Head
#0000FF	0.310940158776939	13.7489796484355	Tail	57	Tail
#FF0000	0.271994468281046	11.1601373806596	Stand	57	Stand
#000000	0.459911499861628	14.4910243749153	Head	57	Head
#000000	0.422637603119947	9.39313502809964	Head	57	Head
#000000	0.323829484512098	14.3989587429445	Head	57	Head
#000000	0.348937883847393	14.1470437079668	Head	57	Head
#0000FF	0.254226533453912	15.0054516400676	Tail	57	Tail
#0000FF	0.308001287854277	14.6725838366896	Tail	57	Tail
#0000FF	0.0886149550694972	14.7146526134573	Tail	57	Tail
#0000FF	0.400541814034805	13.1596622859593	Tail	57	Tail
#FF0000	0.0774653053283691	14.9222718230449	Stand	57	Stand
#000000	0.16381146594882	12.9644438959192	Head	57	Head
#0000FF	0.499793324144557	11.2073162660003	Tail	57	Tail
#000000	0.337280595432967	15.5000076191965	Head	57	Head
#000000	0.424898494607769	13.0087041860912	Head	57	Head
#0000FF	0.111165250292979	8.88728319909423	Tail	57	Tail
#0000FF	0.453740587332286	11.5412940931972	Tail	57	Tail
#0000FF	0.239629023931921	12.4057538162451	Tail	57	Tail
#000000	0.129560211431235	12.0116586739197	Head	57	Head
#0000FF	0.34779844478704	10.0928336371202	Tail	58	Tail
#FF0000	0.0685416352842003	9.79989732885733	Stand	58	Stand
#000000	0.208692259029485	10.2016717050225	Head	58	Head
#000000	0.440773080093786	14.6949438247364	Head	58	Head
#000000	0.265334628163837	10.5595846873242	Head	58	Head
#0000FF	0.0990119101386517	9.48402942894027	Tail	58	Tail
#0000FF	0.303940535746515	13.5480563766789	Tail	58	Tail
#0000FF	0.389876568564214	12.3958323495463	Tail	58	Tail
#0000FF	0.190799326626584	12.5983628784772	Tail	58	Tail
#000000	0.278191281007603	15.4228747115005	Head	58	Head
#0000FF	0.425445936843753	14.934783432493	Tail	58	Tail
#0000FF	0.184887986038812	10.5309668977745	Tail	58	Tail
#FF0000	0.0581427799677476	9.07889414248057	Stand	58	Stand
#000000	0.345456516593695	15.9600973333232	Head	58	Head
#0000FF	0.238288405342028	11.0702962529846	Tail	58	Tail
#000000	0.0742166383331642	11.1130732515361	Head	58	Head
#000000	0.248179284031503	13.4131513965316	Head	58	Head
#0000FF	0.290442175571807	9.23629068378359	Tail	58	Tail
#000000	0.334349135276862	13.0434483420569	Head	58	Head
#0000FF	0.106898436080664	10.8325091178063	Tail	58	Tail
#000000	0.0532122768834233	13.9375961172394	Head	58	Head
#000000	0.426064421762712	11.1037306327838	Head	58	Head
#000000	0.478246908974834	14.8886912561487	Head	58	Head
#0000FF	0.011337856752798	10.2213314069435	Tail	58	Tail
#0000FF	0.0558156196400523	8.34544474547729	Tail	58	Tail
#0000FF	0.259969361000694	11.9270619048271	Tail	58	Tail
#000000	0.255030010933988	15.7134510014672	Head	58	Head
#000000	0.429188628322445	11.5422463124618	Head	58	Head
#000000	0.329670511642471	14.8587810939178	Head	58	Head
#0000FF	0.492238304917701	9.87550783022307	Tail	58	Tail
#000000	0.508477364308201	14.3493781911675	Head	58	Head
#0000FF	0.287183352736756	14.9384605021682	Tail	58	Tail
#FF0000	0.239610495269299	8.59179224334657	Stand	58	Stand
#0000FF	0.362957729715854	12.3389368312433	Tail	58	Tail
#0000FF	0.448001621630974	9.76626442982815	Tail	58	Tail
#000000	0.450760150086135	15.8958451168146	Head	58	Head
#000000	0.225571414446458	9.84690808523446	Head	58	Head
#000000	0.494245571773499	10.773409625981	Head	58	Head
#0000FF	0.310940158776939	13.7489796484355	Tail	58	Tail
#FF0000	0.271994468281046	11.1601373806596	Stand	58	Stand
#000000	0.459911499861628	14.4910243749153	Head	58	Head
#000000	0.422637603119947	9.39313502809964	Head	58	Head
#000000	0.323829484512098	14.3989587429445	Head	58	Head
#000000	0.348937883847393	14.1470437079668	Head	58	Head
#0000FF	0.254226533453912	15.0054516400676	Tail	58	Tail
#0000FF	0.308001287854277	14.6725838366896	Tail	58	Tail
#0000FF	0.0886149550694972	14.7146526134573	Tail	58	Tail
#0000FF	0.400541814034805	13.1596622859593	Tail	58	Tail
#FF0000	0.0774653053283691	14.9222718230449	Stand	58	Stand
#000000	0.16381146594882	12.9644438959192	Head	58	Head
#0000FF	0.499793324144557	11.2073162660003	Tail	58	Tail
#000000	0.337280595432967	15.5000076191965	Head	58	Head
#000000	0.424898494607769	13.0087041860912	Head	58	Head
#0000FF	0.111165250292979	8.88728319909423	Tail	58	Tail
#0000FF	0.453740587332286	11.5412940931972	Tail	58	Tail
#0000FF	0.239629023931921	12.4057538162451	Tail	58	Tail
#000000	0.129560211431235	12.0116586739197	Head	58	Head
#0000FF	0.0655364397587255	15.3886513052974	Tail	58	Tail
#0000FF	0.34779844478704	10.0928336371202	Tail	59	Tail
#FF0000	0.0685416352842003	9.79989732885733	Stand	59	Stand
#000000	0.208692259029485	10.2016717050225	Head	59	Head
#000000	0.440773080093786	14.6949438247364	Head	59	Head
#000000	0.265334628163837	10.5595846873242	Head	59	Head
#0000FF	0.0990119101386517	9.48402942894027	Tail	59	Tail
#0000FF	0.303940535746515	13.5480563766789	Tail	59	Tail
#0000FF	0.389876568564214	12.3958323495463	Tail	59	Tail
#0000FF	0.190799326626584	12.5983628784772	Tail	59	Tail
#000000	0.278191281007603	15.4228747115005	Head	59	Head
#0000FF	0.425445936843753	14.934783432493	Tail	59	Tail
#0000FF	0.184887986038812	10.5309668977745	Tail	59	Tail
#FF0000	0.0581427799677476	9.07889414248057	Stand	59	Stand
#000000	0.345456516593695	15.9600973333232	Head	59	Head
#0000FF	0.238288405342028	11.0702962529846	Tail	59	Tail
#000000	0.0742166383331642	11.1130732515361	Head	59	Head
#000000	0.248179284031503	13.4131513965316	Head	59	Head
#0000FF	0.290442175571807	9.23629068378359	Tail	59	Tail
#000000	0.334349135276862	13.0434483420569	Head	59	Head
#0000FF	0.106898436080664	10.8325091178063	Tail	59	Tail
#000000	0.0532122768834233	13.9375961172394	Head	59	Head
#000000	0.426064421762712	11.1037306327838	Head	59	Head
#000000	0.478246908974834	14.8886912561487	Head	59	Head
#0000FF	0.011337856752798	10.2213314069435	Tail	59	Tail
#0000FF	0.0558156196400523	8.34544474547729	Tail	59	Tail
#0000FF	0.259969361000694	11.9270619048271	Tail	59	Tail
#000000	0.255030010933988	15.7134510014672	Head	59	Head
#000000	0.429188628322445	11.5422463124618	Head	59	Head
#000000	0.329670511642471	14.8587810939178	Head	59	Head
#0000FF	0.492238304917701	9.87550783022307	Tail	59	Tail
#000000	0.508477364308201	14.3493781911675	Head	59	Head
#0000FF	0.287183352736756	14.9384605021682	Tail	59	Tail
#FF0000	0.239610495269299	8.59179224334657	Stand	59	Stand
#0000FF	0.362957729715854	12.3389368312433	Tail	59	Tail
#0000FF	0.448001621630974	9.76626442982815	Tail	59	Tail
#000000	0.450760150086135	15.8958451168146	Head	59	Head
#000000	0.225571414446458	9.84690808523446	Head	59	Head
#000000	0.494245571773499	10.773409625981	Head	59	Head
#0000FF	0.310940158776939	13.7489796484355	Tail	59	Tail
#FF0000	0.271994468281046	11.1601373806596	Stand	59	Stand
#000000	0.459911499861628	14.4910243749153	Head	59	Head
#000000	0.422637603119947	9.39313502809964	Head	59	Head
#000000	0.323829484512098	14.3989587429445	Head	59	Head
#000000	0.348937883847393	14.1470437079668	Head	59	Head
#0000FF	0.254226533453912	15.0054516400676	Tail	59	Tail
#0000FF	0.308001287854277	14.6725838366896	Tail	59	Tail
#0000FF	0.0886149550694972	14.7146526134573	Tail	59	Tail
#0000FF	0.400541814034805	13.1596622859593	Tail	59	Tail
#FF0000	0.0774653053283691	14.9222718230449	Stand	59	Stand
#000000	0.16381146594882	12.9644438959192	Head	59	Head
#0000FF	0.499793324144557	11.2073162660003	Tail	59	Tail
#000000	0.337280595432967	15.5000076191965	Head	59	Head
#000000	0.424898494607769	13.0087041860912	Head	59	Head
#0000FF	0.111165250292979	8.88728319909423	Tail	59	Tail
#0000FF	0.453740587332286	11.5412940931972	Tail	59	Tail
#0000FF	0.239629023931921	12.4057538162451	Tail	59	Tail
#000000	0.129560211431235	12.0116586739197	Head	59	Head
#0000FF	0.0655364397587255	15.3886513052974	Tail	59	Tail
#000000	0.50372586235404	11.6769075221382	Head	59	Head
#0000FF	0.34779844478704	10.0928336371202	Tail	60	Tail
#FF0000	0.0685416352842003	9.79989732885733	Stand	60	Stand
#000000	0.208692259029485	10.2016717050225	Head	60	Head
#000000	0.440773080093786	14.6949438247364	Head	60	Head
#000000	0.265334628163837	10.5595846873242	Head	60	Head
#0000FF	0.0990119101386517	9.48402942894027	Tail	60	Tail
#0000FF	0.303940535746515	13.5480563766789	Tail	60	Tail
#0000FF	0.389876568564214	12.3958323495463	Tail	60	Tail
#0000FF	0.190799326626584	12.5983628784772	Tail	60	Tail
#000000	0.278191281007603	15.4228747115005	Head	60	Head
#0000FF	0.425445936843753	14.934783432493	Tail	60	Tail
#0000FF	0.184887986038812	10.5309668977745	Tail	60	Tail
#FF0000	0.0581427799677476	9.07889414248057	Stand	60	Stand
#000000	0.345456516593695	15.9600973333232	Head	60	Head
#0000FF	0.238288405342028	11.0702962529846	Tail	60	Tail
#000000	0.0742166383331642	11.1130732515361	Head	60	Head
#000000	0.248179284031503	13.4131513965316	Head	60	Head
#0000FF	0.290442175571807	9.23629068378359	Tail	60	Tail
#000000	0.334349135276862	13.0434483420569	Head	60	Head
#0000FF	0.106898436080664	10.8325091178063	Tail	60	Tail
#000000	0.0532122768834233	13.9375961172394	Head	60	Head
#000000	0.426064421762712	11.1037306327838	Head	60	Head
#000000	0.478246908974834	14.8886912561487	Head	60	Head
#0000FF	0.011337856752798	10.2213314069435	Tail	60	Tail
#0000FF	0.0558156196400523	8.34544474547729	Tail	60	Tail
#0000FF	0.259969361000694	11.9270619048271	Tail	60	Tail
#000000	0.255030010933988	15.7134510014672	Head	60	Head
#000000	0.429188628322445	11.5422463124618	Head	60	Head
#000000	0.329670511642471	14.8587810939178	Head	60	Head
#0000FF	0.492238304917701	9.87550783022307	Tail	60	Tail
#000000	0.508477364308201	14.3493781911675	Head	60	Head
#0000FF	0.287183352736756	14.9384605021682	Tail	60	Tail
#FF0000	0.239610495269299	8.59179224334657	Stand	60	Stand
#0000FF	0.362957729715854	12.3389368312433	Tail	60	Tail
#0000FF	0.448001621630974	9.76626442982815	Tail	60	Tail
#000000	0.450760150086135	15.8958451168146	Head	60	Head
#000000	0.225571414446458	9.84690808523446	Head	60	Head
#000000	0.494245571773499	10.773409625981	Head	60	Head
#0000FF	0.310940158776939	13.7489796484355	Tail	60	Tail
#FF0000	0.271994468281046	11.1601373806596	Stand	60	Stand
#000000	0.459911499861628	14.4910243749153	Head	60	Head
#000000	0.422637603119947	9.39313502809964	Head	60	Head
#000000	0.323829484512098	14.3989587429445	Head	60	Head
#000000	0.348937883847393	14.1470437079668	Head	60	Head
#0000FF	0.254226533453912	15.0054516400676	Tail	60	Tail
#0000FF	0.308001287854277	14.6725838366896	Tail	60	Tail
#0000FF	0.0886149550694972	14.7146526134573	Tail	60	Tail
#0000FF	0.400541814034805	13.1596622859593	Tail	60	Tail
#FF0000	0.0774653053283691	14.9222718230449	Stand	60	Stand
#000000	0.16381146594882	12.9644438959192	Head	60	Head
#0000FF	0.499793324144557	11.2073162660003	Tail	60	Tail
#000000	0.337280595432967	15.5000076191965	Head	60	Head
#000000	0.424898494607769	13.0087041860912	Head	60	Head
#0000FF	0.111165250292979	8.88728319909423	Tail	60	Tail
#0000FF	0.453740587332286	11.5412940931972	Tail	60	Tail
#0000FF	0.239629023931921	12.4057538162451	Tail	60	Tail
#000000	0.129560211431235	12.0116586739197	Head	60	Head
#0000FF	0.0655364397587255	15.3886513052974	Tail	60	Tail
#000000	0.50372586235404	11.6769075221382	Head	60	Head
#000000	0.326139115486294	11.1667007556185	Head	60	Head
#0000FF	0.34779844478704	10.0928336371202	Tail	61	Tail
#FF0000	0.0685416352842003	9.79989732885733	Stand	61	Stand
#000000	0.208692259029485	10.2016717050225	Head	61	Head
#000000	0.440773080093786	14.6949438247364	Head	61	Head
#000000	0.265334628163837	10.5595846873242	Head	61	Head
#0000FF	0.0990119101386517	9.48402942894027	Tail	61	Tail
#0000FF	0.303940535746515	13.5480563766789	Tail	61	Tail
#0000FF	0.389876568564214	12.3958323495463	Tail	61	Tail
#0000FF	0.190799326626584	12.5983628784772	Tail	61	Tail
#000000	0.278191281007603	15.4228747115005	Head	61	Head
#0000FF	0.425445936843753	14.934783432493	Tail	61	Tail
#0000FF	0.184887986038812	10.5309668977745	Tail	61	Tail
#FF0000	0.0581427799677476	9.07889414248057	Stand	61	Stand
#000000	0.345456516593695	15.9600973333232	Head	61	Head
#0000FF	0.238288405342028	11.0702962529846	Tail	61	Tail
#000000	0.0742166383331642	11.1130732515361	Head	61	Head
#000000	0.248179284031503	13.4131513965316	Head	61	Head
#0000FF	0.290442175571807	9.23629068378359	Tail	61	Tail
#000000	0.334349135276862	13.0434483420569	Head	61	Head
#0000FF	0.106898436080664	10.8325091178063	Tail	61	Tail
#000000	0.0532122768834233	13.9375961172394	Head	61	Head
#000000	0.426064421762712	11.1037306327838	Head	61	Head
#000000	0.478246908974834	14.8886912561487	Head	61	Head
#0000FF	0.011337856752798	10.2213314069435	Tail	61	Tail
#0000FF	0.0558156196400523	8.34544474547729	Tail	61	Tail
#0000FF	0.259969361000694	11.9270619048271	Tail	61	Tail
#000000	0.255030010933988	15.7134510014672	Head	61	Head
#000000	0.429188628322445	11.5422463124618	Head	61	Head
#000000	0.329670511642471	14.8587810939178	Head	61	Head
#0000FF	0.492238304917701	9.87550783022307	Tail	61	Tail
#000000	0.508477364308201	14.3493781911675	Head	61	Head
#0000FF	0.287183352736756	14.9384605021682	Tail	61	Tail
#FF0000	0.239610495269299	8.59179224334657	Stand	61	Stand
#0000FF	0.362957729715854	12.3389368312433	Tail	61	Tail
#0000FF	0.448001621630974	9.76626442982815	Tail	61	Tail
#000000	0.450760150086135	15.8958451168146	Head	61	Head
#000000	0.225571414446458	9.84690808523446	Head	61	Head
#000000	0.494245571773499	10.773409625981	Head	61	Head
#0000FF	0.310940158776939	13.7489796484355	Tail	61	Tail
#FF0000	0.271994468281046	11.1601373806596	Stand	61	Stand
#000000	0.459911499861628	14.4910243749153	Head	61	Head
#000000	0.422637603119947	9.39313502809964	Head	61	Head
#000000	0.323829484512098	14.3989587429445	Head	61	Head
#000000	0.348937883847393	14.1470437079668	Head	61	Head
#0000FF	0.254226533453912	15.0054516400676	Tail	61	Tail
#0000FF	0.308001287854277	14.6725838366896	Tail	61	Tail
#0000FF	0.0886149550694972	14.7146526134573	Tail	61	Tail
#0000FF	0.400541814034805	13.1596622859593	Tail	61	Tail
#FF0000	0.0774653053283691	14.9222718230449	Stand	61	Stand
#000000	0.16381146594882	12.9644438959192	Head	61	Head
#0000FF	0.499793324144557	11.2073162660003	Tail	61	Tail
#000000	0.337280595432967	15.5000076191965	Head	61	Head
#000000	0.424898494607769	13.0087041860912	Head	61	Head
#0000FF	0.111165250292979	8.88728319909423	Tail	61	Tail
#0000FF	0.453740587332286	11.5412940931972	Tail	61	Tail
#0000FF	0.239629023931921	12.4057538162451	Tail	61	Tail
#000000	0.129560211431235	12.0116586739197	Head	61	Head
#0000FF	0.0655364397587255	15.3886513052974	Tail	61	Tail
#000000	0.50372586235404	11.6769075221382	Head	61	Head
#000000	0.326139115486294	11.1667007556185	Head	61	Head
#FF0000	0.0265200321935117	11.3706753288861	Stand	61	Stand
#0000FF	0.34779844478704	10.0928336371202	Tail	62	Tail
#FF0000	0.0685416352842003	9.79989732885733	Stand	62	Stand
#000000	0.208692259029485	10.2016717050225	Head	62	Head
#000000	0.440773080093786	14.6949438247364	Head	62	Head
#000000	0.265334628163837	10.5595846873242	Head	62	Head
#0000FF	0.0990119101386517	9.48402942894027	Tail	62	Tail
#0000FF	0.303940535746515	13.5480563766789	Tail	62	Tail
#0000FF	0.389876568564214	12.3958323495463	Tail	62	Tail
#0000FF	0.190799326626584	12.5983628784772	Tail	62	Tail
#000000	0.278191281007603	15.4228747115005	Head	62	Head
#0000FF	0.425445936843753	14.934783432493	Tail	62	Tail
#0000FF	0.184887986038812	10.5309668977745	Tail	62	Tail
#FF0000	0.0581427799677476	9.07889414248057	Stand	62	Stand
#000000	0.345456516593695	15.9600973333232	Head	62	Head
#0000FF	0.238288405342028	11.0702962529846	Tail	62	Tail
#000000	0.0742166383331642	11.1130732515361	Head	62	Head
#000000	0.248179284031503	13.4131513965316	Head	62	Head
#0000FF	0.290442175571807	9.23629068378359	Tail	62	Tail
#000000	0.334349135276862	13.0434483420569	Head	62	Head
#0000FF	0.106898436080664	10.8325091178063	Tail	62	Tail
#000000	0.0532122768834233	13.9375961172394	Head	62	Head
#000000	0.426064421762712	11.1037306327838	Head	62	Head
#000000	0.478246908974834	14.8886912561487	Head	62	Head
#0000FF	0.011337856752798	10.2213314069435	Tail	62	Tail
#0000FF	0.0558156196400523	8.34544474547729	Tail	62	Tail
#0000FF	0.259969361000694	11.9270619048271	Tail	62	Tail
#000000	0.255030010933988	15.7134510014672	Head	62	Head
#000000	0.429188628322445	11.5422463124618	Head	62	Head
#000000	0.329670511642471	14.8587810939178	Head	62	Head
#0000FF	0.492238304917701	9.87550783022307	Tail	62	Tail
#000000	0.508477364308201	14.3493781911675	Head	62	Head
#0000FF	0.287183352736756	14.9384605021682	Tail	62	Tail
#FF0000	0.239610495269299	8.59179224334657	Stand	62	Stand
#0000FF	0.362957729715854	12.3389368312433	Tail	62	Tail
#0000FF	0.448001621630974	9.76626442982815	Tail	62	Tail
#000000	0.450760150086135	15.8958451168146	Head	62	Head
#000000	0.225571414446458	9.84690808523446	Head	62	Head
#000000	0.494245571773499	10.773409625981	Head	62	Head
#0000FF	0.310940158776939	13.7489796484355	Tail	62	Tail
#FF0000	0.271994468281046	11.1601373806596	Stand	62	Stand
#000000	0.459911499861628	14.4910243749153	Head	62	Head
#000000	0.422637603119947	9.39313502809964	Head	62	Head
#000000	0.323829484512098	14.3989587429445	Head	62	Head
#000000	0.348937883847393	14.1470437079668	Head	62	Head
#0000FF	0.254226533453912	15.0054516400676	Tail	62	Tail
#0000FF	0.308001287854277	14.6725838366896	Tail	62	Tail
#0000FF	0.0886149550694972	14.7146526134573	Tail	62	Tail
#0000FF	0.400541814034805	13.1596622859593	Tail	62	Tail
#FF0000	0.0774653053283691	14.9222718230449	Stand	62	Stand
#000000	0.16381146594882	12.9644438959192	Head	62	Head
#0000FF	0.499793324144557	11.2073162660003	Tail	62	Tail
#000000	0.337280595432967	15.5000076191965	Head	62	Head
#000000	0.424898494607769	13.0087041860912	Head	62	Head
#0000FF	0.111165250292979	8.88728319909423	Tail	62	Tail
#0000FF	0.453740587332286	11.5412940931972	Tail	62	Tail
#0000FF	0.239629023931921	12.4057538162451	Tail	62	Tail
#000000	0.129560211431235	12.0116586739197	Head	62	Head
#0000FF	0.0655364397587255	15.3886513052974	Tail	62	Tail
#000000	0.50372586235404	11.6769075221382	Head	62	Head
#000000	0.326139115486294	11.1667007556185	Head	62	Head
#FF0000	0.0265200321935117	11.3706753288861	Stand	62	Stand
#0000FF	0.2283898355579	12.5789901987649	Tail	62	Tail
#0000FF	0.34779844478704	10.0928336371202	Tail	63	Tail
#FF0000	0.0685416352842003	9.79989732885733	Stand	63	Stand
#000000	0.208692259029485	10.2016717050225	Head	63	Head
#000000	0.440773080093786	14.6949438247364	Head	63	Head
#000000	0.265334628163837	10.5595846873242	Head	63	Head
#0000FF	0.0990119101386517	9.48402942894027	Tail	63	Tail
#0000FF	0.303940535746515	13.5480563766789	Tail	63	Tail
#0000FF	0.389876568564214	12.3958323495463	Tail	63	Tail
#0000FF	0.190799326626584	12.5983628784772	Tail	63	Tail
#000000	0.278191281007603	15.4228747115005	Head	63	Head
#0000FF	0.425445936843753	14.934783432493	Tail	63	Tail
#0000FF	0.184887986038812	10.5309668977745	Tail	63	Tail
#FF0000	0.0581427799677476	9.07889414248057	Stand	63	Stand
#000000	0.345456516593695	15.9600973333232	Head	63	Head
#0000FF	0.238288405342028	11.0702962529846	Tail	63	Tail
#000000	0.0742166383331642	11.1130732515361	Head	63	Head
#000000	0.248179284031503	13.4131513965316	Head	63	Head
#0000FF	0.290442175571807	9.23629068378359	Tail	63	Tail
#000000	0.334349135276862	13.0434483420569	Head	63	Head
#0000FF	0.106898436080664	10.8325091178063	Tail	63	Tail
#000000	0.0532122768834233	13.9375961172394	Head	63	Head
#000000	0.426064421762712	11.1037306327838	Head	63	Head
#000000	0.478246908974834	14.8886912561487	Head	63	Head
#0000FF	0.011337856752798	10.2213314069435	Tail	63	Tail
#0000FF	0.0558156196400523	8.34544474547729	Tail	63	Tail
#0000FF	0.259969361000694	11.9270619048271	Tail	63	Tail
#000000	0.255030010933988	15.7134510014672	Head	63	Head
#000000	0.429188628322445	11.5422463124618	Head	63	Head
#000000	0.329670511642471	14.8587810939178	Head	63	Head
#0000FF	0.492238304917701	9.87550783022307	Tail	63	Tail
#000000	0.508477364308201	14.3493781911675	Head	63	Head
#0000FF	0.287183352736756	14.9384605021682	Tail	63	Tail
#FF0000	0.239610495269299	8.59179224334657	Stand	63	Stand
#0000FF	0.362957729715854	12.3389368312433	Tail	63	Tail
#0000FF	0.448001621630974	9.76626442982815	Tail	63	Tail
#000000	0.450760150086135	15.8958451168146	Head	63	Head
#000000	0.225571414446458	9.84690808523446	Head	63	Head
#000000	0.494245571773499	10.773409625981	Head	63	Head
#0000FF	0.310940158776939	13.7489796484355	Tail	63	Tail
#FF0000	0.271994468281046	11.1601373806596	Stand	63	Stand
#000000	0.459911499861628	14.4910243749153	Head	63	Head
#000000	0.422637603119947	9.39313502809964	Head	63	Head
#000000	0.323829484512098	14.3989587429445	Head	63	Head
#000000	0.348937883847393	14.1470437079668	Head	63	Head
#0000FF	0.254226533453912	15.0054516400676	Tail	63	Tail
#0000FF	0.308001287854277	14.6725838366896	Tail	63	Tail
#0000FF	0.0886149550694972	14.7146526134573	Tail	63	Tail
#0000FF	0.400541814034805	13.1596622859593	Tail	63	Tail
#FF0000	0.0774653053283691	14.9222718230449	Stand	63	Stand
#000000	0.16381146594882	12.9644438959192	Head	63	Head
#0000FF	0.499793324144557	11.2073162660003	Tail	63	Tail
#000000	0.337280595432967	15.5000076191965	Head	63	Head
#000000	0.424898494607769	13.0087041860912	Head	63	Head
#0000FF	0.111165250292979	8.88728319909423	Tail	63	Tail
#0000FF	0.453740587332286	11.5412940931972	Tail	63	Tail
#0000FF	0.239629023931921	12.4057538162451	Tail	63	Tail
#000000	0.129560211431235	12.0116586739197	Head	63	Head
#0000FF	0.0655364397587255	15.3886513052974	Tail	63	Tail
#000000	0.50372586235404	11.6769075221382	Head	63	Head
#000000	0.326139115486294	11.1667007556185	Head	63	Head
#FF0000	0.0265200321935117	11.3706753288861	Stand	63	Stand
#0000FF	0.2283898355579	12.5789901987649	Tail	63	Tail
#0000FF	0.503412398267537	12.6640625789762	Tail	63	Tail
#0000FF	0.34779844478704	10.0928336371202	Tail	64	Tail
#FF0000	0.0685416352842003	9.79989732885733	Stand	64	Stand
#000000	0.208692259029485	10.2016717050225	Head	64	Head
#000000	0.440773080093786	14.6949438247364	Head	64	Head
#000000	0.265334628163837	10.5595846873242	Head	64	Head
#0000FF	0.0990119101386517	9.48402942894027	Tail	64	Tail
#0000FF	0.303940535746515	13.5480563766789	Tail	64	Tail
#0000FF	0.389876568564214	12.3958323495463	Tail	64	Tail
#0000FF	0.190799326626584	12.5983628784772	Tail	64	Tail
#000000	0.278191281007603	15.4228747115005	Head	64	Head
#0000FF	0.425445936843753	14.934783432493	Tail	64	Tail
#0000FF	0.184887986038812	10.5309668977745	Tail	64	Tail
#FF0000	0.0581427799677476	9.07889414248057	Stand	64	Stand
#000000	0.345456516593695	15.9600973333232	Head	64	Head
#0000FF	0.238288405342028	11.0702962529846	Tail	64	Tail
#000000	0.0742166383331642	11.1130732515361	Head	64	Head
#000000	0.248179284031503	13.4131513965316	Head	64	Head
#0000FF	0.290442175571807	9.23629068378359	Tail	64	Tail
#000000	0.334349135276862	13.0434483420569	Head	64	Head
#0000FF	0.106898436080664	10.8325091178063	Tail	64	Tail
#000000	0.0532122768834233	13.9375961172394	Head	64	Head
#000000	0.426064421762712	11.1037306327838	Head	64	Head
#000000	0.478246908974834	14.8886912561487	Head	64	Head
#0000FF	0.011337856752798	10.2213314069435	Tail	64	Tail
#0000FF	0.0558156196400523	8.34544474547729	Tail	64	Tail
#0000FF	0.259969361000694	11.9270619048271	Tail	64	Tail
#000000	0.255030010933988	15.7134510014672	Head	64	Head
#000000	0.429188628322445	11.5422463124618	Head	64	Head
#000000	0.329670511642471	14.8587810939178	Head	64	Head
#0000FF	0.492238304917701	9.87550783022307	Tail	64	Tail
#000000	0.508477364308201	14.3493781911675	Head	64	Head
#0000FF	0.287183352736756	14.9384605021682	Tail	64	Tail
#FF0000	0.239610495269299	8.59179224334657	Stand	64	Stand
#0000FF	0.362957729715854	12.3389368312433	Tail	64	Tail
#0000FF	0.448001621630974	9.76626442982815	Tail	64	Tail
#000000	0.450760150086135	15.8958451168146	Head	64	Head
#000000	0.225571414446458	9.84690808523446	Head	64	Head
#000000	0.494245571773499	10.773409625981	Head	64	Head
#0000FF	0.310940158776939	13.7489796484355	Tail	64	Tail
#FF0000	0.271994468281046	11.1601373806596	Stand	64	Stand
#000000	0.459911499861628	14.4910243749153	Head	64	Head
#000000	0.422637603119947	9.39313502809964	Head	64	Head
#000000	0.323829484512098	14.3989587429445	Head	64	Head
#000000	0.348937883847393	14.1470437079668	Head	64	Head
#0000FF	0.254226533453912	15.0054516400676	Tail	64	Tail
#0000FF	0.308001287854277	14.6725838366896	Tail	64	Tail
#0000FF	0.0886149550694972	14.7146526134573	Tail	64	Tail
#0000FF	0.400541814034805	13.1596622859593	Tail	64	Tail
#FF0000	0.0774653053283691	14.9222718230449	Stand	64	Stand
#000000	0.16381146594882	12.9644438959192	Head	64	Head
#0000FF	0.499793324144557	11.2073162660003	Tail	64	Tail
#000000	0.337280595432967	15.5000076191965	Head	64	Head
#000000	0.424898494607769	13.0087041860912	Head	64	Head
#0000FF	0.111165250292979	8.88728319909423	Tail	64	Tail
#0000FF	0.453740587332286	11.5412940931972	Tail	64	Tail
#0000FF	0.239629023931921	12.4057538162451	Tail	64	Tail
#000000	0.129560211431235	12.0116586739197	Head	64	Head
#0000FF	0.0655364397587255	15.3886513052974	Tail	64	Tail
#000000	0.50372586235404	11.6769075221382	Head	64	Head
#000000	0.326139115486294	11.1667007556185	Head	64	Head
#FF0000	0.0265200321935117	11.3706753288861	Stand	64	Stand
#0000FF	0.2283898355579	12.5789901987649	Tail	64	Tail
#0000FF	0.503412398267537	12.6640625789762	Tail	64	Tail
#000000	0.062543587400578	9.74628288419917	Head	64	Head
#0000FF	0.34779844478704	10.0928336371202	Tail	65	Tail
#FF0000	0.0685416352842003	9.79989732885733	Stand	65	Stand
#000000	0.208692259029485	10.2016717050225	Head	65	Head
#000000	0.440773080093786	14.6949438247364	Head	65	Head
#000000	0.265334628163837	10.5595846873242	Head	65	Head
#0000FF	0.0990119101386517	9.48402942894027	Tail	65	Tail
#0000FF	0.303940535746515	13.5480563766789	Tail	65	Tail
#0000FF	0.389876568564214	12.3958323495463	Tail	65	Tail
#0000FF	0.190799326626584	12.5983628784772	Tail	65	Tail
#000000	0.278191281007603	15.4228747115005	Head	65	Head
#0000FF	0.425445936843753	14.934783432493	Tail	65	Tail
#0000FF	0.184887986038812	10.5309668977745	Tail	65	Tail
#FF0000	0.0581427799677476	9.07889414248057	Stand	65	Stand
#000000	0.345456516593695	15.9600973333232	Head	65	Head
#0000FF	0.238288405342028	11.0702962529846	Tail	65	Tail
#000000	0.0742166383331642	11.1130732515361	Head	65	Head
#000000	0.248179284031503	13.4131513965316	Head	65	Head
#0000FF	0.290442175571807	9.23629068378359	Tail	65	Tail
#000000	0.334349135276862	13.0434483420569	Head	65	Head
#0000FF	0.106898436080664	10.8325091178063	Tail	65	Tail
#000000	0.0532122768834233	13.9375961172394	Head	65	Head
#000000	0.426064421762712	11.1037306327838	Head	65	Head
#000000	0.478246908974834	14.8886912561487	Head	65	Head
#0000FF	0.011337856752798	10.2213314069435	Tail	65	Tail
#0000FF	0.0558156196400523	8.34544474547729	Tail	65	Tail
#0000FF	0.259969361000694	11.9270619048271	Tail	65	Tail
#000000	0.255030010933988	15.7134510014672	Head	65	Head
#000000	0.429188628322445	11.5422463124618	Head	65	Head
#000000	0.329670511642471	14.8587810939178	Head	65	Head
#0000FF	0.492238304917701	9.87550783022307	Tail	65	Tail
#000000	0.508477364308201	14.3493781911675	Head	65	Head
#0000FF	0.287183352736756	14.9384605021682	Tail	65	Tail
#FF0000	0.239610495269299	8.59179224334657	Stand	65	Stand
#0000FF	0.362957729715854	12.3389368312433	Tail	65	Tail
#0000FF	0.448001621630974	9.76626442982815	Tail	65	Tail
#000000	0.450760150086135	15.8958451168146	Head	65	Head
#000000	0.225571414446458	9.84690808523446	Head	65	Head
#000000	0.494245571773499	10.773409625981	Head	65	Head
#0000FF	0.310940158776939	13.7489796484355	Tail	65	Tail
#FF0000	0.271994468281046	11.1601373806596	Stand	65	Stand
#000000	0.459911499861628	14.4910243749153	Head	65	Head
#000000	0.422637603119947	9.39313502809964	Head	65	Head
#000000	0.323829484512098	14.3989587429445	Head	65	Head
#000000	0.348937883847393	14.1470437079668	Head	65	Head
#0000FF	0.254226533453912	15.0054516400676	Tail	65	Tail
#0000FF	0.308001287854277	14.6725838366896	Tail	65	Tail
#0000FF	0.0886149550694972	14.7146526134573	Tail	65	Tail
#0000FF	0.400541814034805	13.1596622859593	Tail	65	Tail
#FF0000	0.0774653053283691	14.9222718230449	Stand	65	Stand
#000000	0.16381146594882	12.9644438959192	Head	65	Head
#0000FF	0.499793324144557	11.2073162660003	Tail	65	Tail
#000000	0.337280595432967	15.5000076191965	Head	65	Head
#000000	0.424898494607769	13.0087041860912	Head	65	Head
#0000FF	0.111165250292979	8.88728319909423	Tail	65	Tail
#0000FF	0.453740587332286	11.5412940931972	Tail	65	Tail
#0000FF	0.239629023931921	12.4057538162451	Tail	65	Tail
#000000	0.129560211431235	12.0116586739197	Head	65	Head
#0000FF	0.0655364397587255	15.3886513052974	Tail	65	Tail
#000000	0.50372586235404	11.6769075221382	Head	65	Head
#000000	0.326139115486294	11.1667007556185	Head	65	Head
#FF0000	0.0265200321935117	11.3706753288861	Stand	65	Stand
#0000FF	0.2283898355579	12.5789901987649	Tail	65	Tail
#0000FF	0.503412398267537	12.6640625789762	Tail	65	Tail
#000000	0.062543587400578	9.74628288419917	Head	65	Head
#FF0000	0.303926341924816	10.7076225993223	Stand	65	Stand
#0000FF	0.34779844478704	10.0928336371202	Tail	66	Tail
#FF0000	0.0685416352842003	9.79989732885733	Stand	66	Stand
#000000	0.208692259029485	10.2016717050225	Head	66	Head
#000000	0.440773080093786	14.6949438247364	Head	66	Head
#000000	0.265334628163837	10.5595846873242	Head	66	Head
#0000FF	0.0990119101386517	9.48402942894027	Tail	66	Tail
#0000FF	0.303940535746515	13.5480563766789	Tail	66	Tail
#0000FF	0.389876568564214	12.3958323495463	Tail	66	Tail
#0000FF	0.190799326626584	12.5983628784772	Tail	66	Tail
#000000	0.278191281007603	15.4228747115005	Head	66	Head
#0000FF	0.425445936843753	14.934783432493	Tail	66	Tail
#0000FF	0.184887986038812	10.5309668977745	Tail	66	Tail
#FF0000	0.0581427799677476	9.07889414248057	Stand	66	Stand
#000000	0.345456516593695	15.9600973333232	Head	66	Head
#0000FF	0.238288405342028	11.0702962529846	Tail	66	Tail
#000000	0.0742166383331642	11.1130732515361	Head	66	Head
#000000	0.248179284031503	13.4131513965316	Head	66	Head
#0000FF	0.290442175571807	9.23629068378359	Tail	66	Tail
#000000	0.334349135276862	13.0434483420569	Head	66	Head
#0000FF	0.106898436080664	10.8325091178063	Tail	66	Tail
#000000	0.0532122768834233	13.9375961172394	Head	66	Head
#000000	0.426064421762712	11.1037306327838	Head	66	Head
#000000	0.478246908974834	14.8886912561487	Head	66	Head
#0000FF	0.011337856752798	10.2213314069435	Tail	66	Tail
#0000FF	0.0558156196400523	8.34544474547729	Tail	66	Tail
#0000FF	0.259969361000694	11.9270619048271	Tail	66	Tail
#000000	0.255030010933988	15.7134510014672	Head	66	Head
#000000	0.429188628322445	11.5422463124618	Head	66	Head
#000000	0.329670511642471	14.8587810939178	Head	66	Head
#0000FF	0.492238304917701	9.87550783022307	Tail	66	Tail
#000000	0.508477364308201	14.3493781911675	Head	66	Head
#0000FF	0.287183352736756	14.9384605021682	Tail	66	Tail
#FF0000	0.239610495269299	8.59179224334657	Stand	66	Stand
#0000FF	0.362957729715854	12.3389368312433	Tail	66	Tail
#0000FF	0.448001621630974	9.76626442982815	Tail	66	Tail
#000000	0.450760150086135	15.8958451168146	Head	66	Head
#000000	0.225571414446458	9.84690808523446	Head	66	Head
#000000	0.494245571773499	10.773409625981	Head	66	Head
#0000FF	0.310940158776939	13.7489796484355	Tail	66	Tail
#FF0000	0.271994468281046	11.1601373806596	Stand	66	Stand
#000000	0.459911499861628	14.4910243749153	Head	66	Head
#000000	0.422637603119947	9.39313502809964	Head	66	Head
#000000	0.323829484512098	14.3989587429445	Head	66	Head
#000000	0.348937883847393	14.1470437079668	Head	66	Head
#0000FF	0.254226533453912	15.0054516400676	Tail	66	Tail
#0000FF	0.308001287854277	14.6725838366896	Tail	66	Tail
#0000FF	0.0886149550694972	14.7146526134573	Tail	66	Tail
#0000FF	0.400541814034805	13.1596622859593	Tail	66	Tail
#FF0000	0.0774653053283691	14.9222718230449	Stand	66	Stand
#000000	0.16381146594882	12.9644438959192	Head	66	Head
#0000FF	0.499793324144557	11.2073162660003	Tail	66	Tail
#000000	0.337280595432967	15.5000076191965	Head	66	Head
#000000	0.424898494607769	13.0087041860912	Head	66	Head
#0000FF	0.111165250292979	8.88728319909423	Tail	66	Tail
#0000FF	0.453740587332286	11.5412940931972	Tail	66	Tail
#0000FF	0.239629023931921	12.4057538162451	Tail	66	Tail
#000000	0.129560211431235	12.0116586739197	Head	66	Head
#0000FF	0.0655364397587255	15.3886513052974	Tail	66	Tail
#000000	0.50372586235404	11.6769075221382	Head	66	Head
#000000	0.326139115486294	11.1667007556185	Head	66	Head
#FF0000	0.0265200321935117	11.3706753288861	Stand	66	Stand
#0000FF	0.2283898355579	12.5789901987649	Tail	66	Tail
#0000FF	0.503412398267537	12.6640625789762	Tail	66	Tail
#000000	0.062543587400578	9.74628288419917	Head	66	Head
#FF0000	0.303926341924816	10.7076225993223	Stand	66	Stand
#000000	0.386929165795445	14.3162729012314	Head	66	Head
#0000FF	0.34779844478704	10.0928336371202	Tail	67	Tail
#FF0000	0.0685416352842003	9.79989732885733	Stand	67	Stand
#000000	0.208692259029485	10.2016717050225	Head	67	Head
#000000	0.440773080093786	14.6949438247364	Head	67	Head
#000000	0.265334628163837	10.5595846873242	Head	67	Head
#0000FF	0.0990119101386517	9.48402942894027	Tail	67	Tail
#0000FF	0.303940535746515	13.5480563766789	Tail	67	Tail
#0000FF	0.389876568564214	12.3958323495463	Tail	67	Tail
#0000FF	0.190799326626584	12.5983628784772	Tail	67	Tail
#000000	0.278191281007603	15.4228747115005	Head	67	Head
#0000FF	0.425445936843753	14.934783432493	Tail	67	Tail
#0000FF	0.184887986038812	10.5309668977745	Tail	67	Tail
#FF0000	0.0581427799677476	9.07889414248057	Stand	67	Stand
#000000	0.345456516593695	15.9600973333232	Head	67	Head
#0000FF	0.238288405342028	11.0702962529846	Tail	67	Tail
#000000	0.0742166383331642	11.1130732515361	Head	67	Head
#000000	0.248179284031503	13.4131513965316	Head	67	Head
#0000FF	0.290442175571807	9.23629068378359	Tail	67	Tail
#000000	0.334349135276862	13.0434483420569	Head	67	Head
#0000FF	0.106898436080664	10.8325091178063	Tail	67	Tail
#000000	0.0532122768834233	13.9375961172394	Head	67	Head
#000000	0.426064421762712	11.1037306327838	Head	67	Head
#000000	0.478246908974834	14.8886912561487	Head	67	Head
#0000FF	0.011337856752798	10.2213314069435	Tail	67	Tail
#0000FF	0.0558156196400523	8.34544474547729	Tail	67	Tail
#0000FF	0.259969361000694	11.9270619048271	Tail	67	Tail
#000000	0.255030010933988	15.7134510014672	Head	67	Head
#000000	0.429188628322445	11.5422463124618	Head	67	Head
#000000	0.329670511642471	14.8587810939178	Head	67	Head
#0000FF	0.492238304917701	9.87550783022307	Tail	67	Tail
#000000	0.508477364308201	14.3493781911675	Head	67	Head
#0000FF	0.287183352736756	14.9384605021682	Tail	67	Tail
#FF0000	0.239610495269299	8.59179224334657	Stand	67	Stand
#0000FF	0.362957729715854	12.3389368312433	Tail	67	Tail
#0000FF	0.448001621630974	9.76626442982815	Tail	67	Tail
#000000	0.450760150086135	15.8958451168146	Head	67	Head
#000000	0.225571414446458	9.84690808523446	Head	67	Head
#000000	0.494245571773499	10.773409625981	Head	67	Head
#0000FF	0.310940158776939	13.7489796484355	Tail	67	Tail
#FF0000	0.271994468281046	11.1601373806596	Stand	67	Stand
#000000	0.459911499861628	14.4910243749153	Head	67	Head
#000000	0.422637603119947	9.39313502809964	Head	67	Head
#000000	0.323829484512098	14.3989587429445	Head	67	Head
#000000	0.348937883847393	14.1470437079668	Head	67	Head
#0000FF	0.254226533453912	15.0054516400676	Tail	67	Tail
#0000FF	0.308001287854277	14.6725838366896	Tail	67	Tail
#0000FF	0.0886149550694972	14.7146526134573	Tail	67	Tail
#0000FF	0.400541814034805	13.1596622859593	Tail	67	Tail
#FF0000	0.0774653053283691	14.9222718230449	Stand	67	Stand
#000000	0.16381146594882	12.9644438959192	Head	67	Head
#0000FF	0.499793324144557	11.2073162660003	Tail	67	Tail
#000000	0.337280595432967	15.5000076191965	Head	67	Head
#000000	0.424898494607769	13.0087041860912	Head	67	Head
#0000FF	0.111165250292979	8.88728319909423	Tail	67	Tail
#0000FF	0.453740587332286	11.5412940931972	Tail	67	Tail
#0000FF	0.239629023931921	12.4057538162451	Tail	67	Tail
#000000	0.129560211431235	12.0116586739197	Head	67	Head
#0000FF	0.0655364397587255	15.3886513052974	Tail	67	Tail
#000000	0.50372586235404	11.6769075221382	Head	67	Head
#000000	0.326139115486294	11.1667007556185	Head	67	Head
#FF0000	0.0265200321935117	11.3706753288861	Stand	67	Stand
#0000FF	0.2283898355579	12.5789901987649	Tail	67	Tail
#0000FF	0.503412398267537	12.6640625789762	Tail	67	Tail
#000000	0.062543587400578	9.74628288419917	Head	67	Head
#FF0000	0.303926341924816	10.7076225993223	Stand	67	Stand
#000000	0.386929165795445	14.3162729012314	Head	67	Head
#0000FF	0.135025108456612	10.7046526200138	Tail	67	Tail
#0000FF	0.34779844478704	10.0928336371202	Tail	68	Tail
#FF0000	0.0685416352842003	9.79989732885733	Stand	68	Stand
#000000	0.208692259029485	10.2016717050225	Head	68	Head
#000000	0.440773080093786	14.6949438247364	Head	68	Head
#000000	0.265334628163837	10.5595846873242	Head	68	Head
#0000FF	0.0990119101386517	9.48402942894027	Tail	68	Tail
#0000FF	0.303940535746515	13.5480563766789	Tail	68	Tail
#0000FF	0.389876568564214	12.3958323495463	Tail	68	Tail
#0000FF	0.190799326626584	12.5983628784772	Tail	68	Tail
#000000	0.278191281007603	15.4228747115005	Head	68	Head
#0000FF	0.425445936843753	14.934783432493	Tail	68	Tail
#0000FF	0.184887986038812	10.5309668977745	Tail	68	Tail
#FF0000	0.0581427799677476	9.07889414248057	Stand	68	Stand
#000000	0.345456516593695	15.9600973333232	Head	68	Head
#0000FF	0.238288405342028	11.0702962529846	Tail	68	Tail
#000000	0.0742166383331642	11.1130732515361	Head	68	Head
#000000	0.248179284031503	13.4131513965316	Head	68	Head
#0000FF	0.290442175571807	9.23629068378359	Tail	68	Tail
#000000	0.334349135276862	13.0434483420569	Head	68	Head
#0000FF	0.106898436080664	10.8325091178063	Tail	68	Tail
#000000	0.0532122768834233	13.9375961172394	Head	68	Head
#000000	0.426064421762712	11.1037306327838	Head	68	Head
#000000	0.478246908974834	14.8886912561487	Head	68	Head
#0000FF	0.011337856752798	10.2213314069435	Tail	68	Tail
#0000FF	0.0558156196400523	8.34544474547729	Tail	68	Tail
#0000FF	0.259969361000694	11.9270619048271	Tail	68	Tail
#000000	0.255030010933988	15.7134510014672	Head	68	Head
#000000	0.429188628322445	11.5422463124618	Head	68	Head
#000000	0.329670511642471	14.8587810939178	Head	68	Head
#0000FF	0.492238304917701	9.87550783022307	Tail	68	Tail
#000000	0.508477364308201	14.3493781911675	Head	68	Head
#0000FF	0.287183352736756	14.9384605021682	Tail	68	Tail
#FF0000	0.239610495269299	8.59179224334657	Stand	68	Stand
#0000FF	0.362957729715854	12.3389368312433	Tail	68	Tail
#0000FF	0.448001621630974	9.76626442982815	Tail	68	Tail
#000000	0.450760150086135	15.8958451168146	Head	68	Head
#000000	0.225571414446458	9.84690808523446	Head	68	Head
#000000	0.494245571773499	10.773409625981	Head	68	Head
#0000FF	0.310940158776939	13.7489796484355	Tail	68	Tail
#FF0000	0.271994468281046	11.1601373806596	Stand	68	Stand
#000000	0.459911499861628	14.4910243749153	Head	68	Head
#000000	0.422637603119947	9.39313502809964	Head	68	Head
#000000	0.323829484512098	14.3989587429445	Head	68	Head
#000000	0.348937883847393	14.1470437079668	Head	68	Head
#0000FF	0.254226533453912	15.0054516400676	Tail	68	Tail
#0000FF	0.308001287854277	14.6725838366896	Tail	68	Tail
#0000FF	0.0886149550694972	14.7146526134573	Tail	68	Tail
#0000FF	0.400541814034805	13.1596622859593	Tail	68	Tail
#FF0000	0.0774653053283691	14.9222718230449	Stand	68	Stand
#000000	0.16381146594882	12.9644438959192	Head	68	Head
#0000FF	0.499793324144557	11.2073162660003	Tail	68	Tail
#000000	0.337280595432967	15.5000076191965	Head	68	Head
#000000	0.424898494607769	13.0087041860912	Head	68	Head
#0000FF	0.111165250292979	8.88728319909423	Tail	68	Tail
#0000FF	0.453740587332286	11.5412940931972	Tail	68	Tail
#0000FF	0.239629023931921	12.4057538162451	Tail	68	Tail
#000000	0.129560211431235	12.0116586739197	Head	68	Head
#0000FF	0.0655364397587255	15.3886513052974	Tail	68	Tail
#000000	0.50372586235404	11.6769075221382	Head	68	Head
#000000	0.326139115486294	11.1667007556185	Head	68	Head
#FF0000	0.0265200321935117	11.3706753288861	Stand	68	Stand
#0000FF	0.2283898355579	12.5789901987649	Tail	68	Tail
#0000FF	0.503412398267537	12.6640625789762	Tail	68	Tail
#000000	0.062543587400578	9.74628288419917	Head	68	Head
#FF0000	0.303926341924816	10.7076225993223	Stand	68	Stand
#000000	0.386929165795445	14.3162729012314	Head	68	Head
#0000FF	0.135025108456612	10.7046526200138	Tail	68	Tail
#0000FF	0.175047053131275	8.7568667490501	Tail	68	Tail
#0000FF	0.34779844478704	10.0928336371202	Tail	69	Tail
#FF0000	0.0685416352842003	9.79989732885733	Stand	69	Stand
#000000	0.208692259029485	10.2016717050225	Head	69	Head
#000000	0.440773080093786	14.6949438247364	Head	69	Head
#000000	0.265334628163837	10.5595846873242	Head	69	Head
#0000FF	0.0990119101386517	9.48402942894027	Tail	69	Tail
#0000FF	0.303940535746515	13.5480563766789	Tail	69	Tail
#0000FF	0.389876568564214	12.3958323495463	Tail	69	Tail
#0000FF	0.190799326626584	12.5983628784772	Tail	69	Tail
#000000	0.278191281007603	15.4228747115005	Head	69	Head
#0000FF	0.425445936843753	14.934783432493	Tail	69	Tail
#0000FF	0.184887986038812	10.5309668977745	Tail	69	Tail
#FF0000	0.0581427799677476	9.07889414248057	Stand	69	Stand
#000000	0.345456516593695	15.9600973333232	Head	69	Head
#0000FF	0.238288405342028	11.0702962529846	Tail	69	Tail
#000000	0.0742166383331642	11.1130732515361	Head	69	Head
#000000	0.248179284031503	13.4131513965316	Head	69	Head
#0000FF	0.290442175571807	9.23629068378359	Tail	69	Tail
#000000	0.334349135276862	13.0434483420569	Head	69	Head
#0000FF	0.106898436080664	10.8325091178063	Tail	69	Tail
#000000	0.0532122768834233	13.9375961172394	Head	69	Head
#000000	0.426064421762712	11.1037306327838	Head	69	Head
#000000	0.478246908974834	14.8886912561487	Head	69	Head
#0000FF	0.011337856752798	10.2213314069435	Tail	69	Tail
#0000FF	0.0558156196400523	8.34544474547729	Tail	69	Tail
#0000FF	0.259969361000694	11.9270619048271	Tail	69	Tail
#000000	0.255030010933988	15.7134510014672	Head	69	Head
#000000	0.429188628322445	11.5422463124618	Head	69	Head
#000000	0.329670511642471	14.8587810939178	Head	69	Head
#0000FF	0.492238304917701	9.87550783022307	Tail	69	Tail
#000000	0.508477364308201	14.3493781911675	Head	69	Head
#0000FF	0.287183352736756	14.9384605021682	Tail	69	Tail
#FF0000	0.239610495269299	8.59179224334657	Stand	69	Stand
#0000FF	0.362957729715854	12.3389368312433	Tail	69	Tail
#0000FF	0.448001621630974	9.76626442982815	Tail	69	Tail
#000000	0.450760150086135	15.8958451168146	Head	69	Head
#000000	0.225571414446458	9.84690808523446	Head	69	Head
#000000	0.494245571773499	10.773409625981	Head	69	Head
#0000FF	0.310940158776939	13.7489796484355	Tail	69	Tail
#FF0000	0.271994468281046	11.1601373806596	Stand	69	Stand
#000000	0.459911499861628	14.4910243749153	Head	69	Head
#000000	0.422637603119947	9.39313502809964	Head	69	Head
#000000	0.323829484512098	14.3989587429445	Head	69	Head
#000000	0.348937883847393	14.1470437079668	Head	69	Head
#0000FF	0.254226533453912	15.0054516400676	Tail	69	Tail
#0000FF	0.308001287854277	14.6725838366896	Tail	69	Tail
#0000FF	0.0886149550694972	14.7146526134573	Tail	69	Tail
#0000FF	0.400541814034805	13.1596622859593	Tail	69	Tail
#FF0000	0.0774653053283691	14.9222718230449	Stand	69	Stand
#000000	0.16381146594882	12.9644438959192	Head	69	Head
#0000FF	0.499793324144557	11.2073162660003	Tail	69	Tail
#000000	0.337280595432967	15.5000076191965	Head	69	Head
#000000	0.424898494607769	13.0087041860912	Head	69	Head
#0000FF	0.111165250292979	8.88728319909423	Tail	69	Tail
#0000FF	0.453740587332286	11.5412940931972	Tail	69	Tail
#0000FF	0.239629023931921	12.4057538162451	Tail	69	Tail
#000000	0.129560211431235	12.0116586739197	Head	69	Head
#0000FF	0.0655364397587255	15.3886513052974	Tail	69	Tail
#000000	0.50372586235404	11.6769075221382	Head	69	Head
#000000	0.326139115486294	11.1667007556185	Head	69	Head
#FF0000	0.0265200321935117	11.3706753288861	Stand	69	Stand
#0000FF	0.2283898355579	12.5789901987649	Tail	69	Tail
#0000FF	0.503412398267537	12.6640625789762	Tail	69	Tail
#000000	0.062543587400578	9.74628288419917	Head	69	Head
#FF0000	0.303926341924816	10.7076225993223	Stand	69	Stand
#000000	0.386929165795445	14.3162729012314	Head	69	Head
#0000FF	0.135025108456612	10.7046526200138	Tail	69	Tail
#0000FF	0.175047053131275	8.7568667490501	Tail	69	Tail
#000000	0.149506858424284	14.1739448742475	Head	69	Head
#0000FF	0.34779844478704	10.0928336371202	Tail	70	Tail
#FF0000	0.0685416352842003	9.79989732885733	Stand	70	Stand
#000000	0.208692259029485	10.2016717050225	Head	70	Head
#000000	0.440773080093786	14.6949438247364	Head	70	Head
#000000	0.265334628163837	10.5595846873242	Head	70	Head
#0000FF	0.0990119101386517	9.48402942894027	Tail	70	Tail
#0000FF	0.303940535746515	13.5480563766789	Tail	70	Tail
#0000FF	0.389876568564214	12.3958323495463	Tail	70	Tail
#0000FF	0.190799326626584	12.5983628784772	Tail	70	Tail
#000000	0.278191281007603	15.4228747115005	Head	70	Head
#0000FF	0.425445936843753	14.934783432493	Tail	70	Tail
#0000FF	0.184887986038812	10.5309668977745	Tail	70	Tail
#FF0000	0.0581427799677476	9.07889414248057	Stand	70	Stand
#000000	0.345456516593695	15.9600973333232	Head	70	Head
#0000FF	0.238288405342028	11.0702962529846	Tail	70	Tail
#000000	0.0742166383331642	11.1130732515361	Head	70	Head
#000000	0.248179284031503	13.4131513965316	Head	70	Head
#0000FF	0.290442175571807	9.23629068378359	Tail	70	Tail
#000000	0.334349135276862	13.0434483420569	Head	70	Head
#0000FF	0.106898436080664	10.8325091178063	Tail	70	Tail
#000000	0.0532122768834233	13.9375961172394	Head	70	Head
#000000	0.426064421762712	11.1037306327838	Head	70	Head
#000000	0.478246908974834	14.8886912561487	Head	70	Head
#0000FF	0.011337856752798	10.2213314069435	Tail	70	Tail
#0000FF	0.0558156196400523	8.34544474547729	Tail	70	Tail
#0000FF	0.259969361000694	11.9270619048271	Tail	70	Tail
#000000	0.255030010933988	15.7134510014672	Head	70	Head
#000000	0.429188628322445	11.5422463124618	Head	70	Head
#000000	0.329670511642471	14.8587810939178	Head	70	Head
#0000FF	0.492238304917701	9.87550783022307	Tail	70	Tail
#000000	0.508477364308201	14.3493781911675	Head	70	Head
#0000FF	0.287183352736756	14.9384605021682	Tail	70	Tail
#FF0000	0.239610495269299	8.59179224334657	Stand	70	Stand
#0000FF	0.362957729715854	12.3389368312433	Tail	70	Tail
#0000FF	0.448001621630974	9.76626442982815	Tail	70	Tail
#000000	0.450760150086135	15.8958451168146	Head	70	Head
#000000	0.225571414446458	9.84690808523446	Head	70	Head
#000000	0.494245571773499	10.773409625981	Head	70	Head
#0000FF	0.310940158776939	13.7489796484355	Tail	70	Tail
#FF0000	0.271994468281046	11.1601373806596	Stand	70	Stand
#000000	0.459911499861628	14.4910243749153	Head	70	Head
#000000	0.422637603119947	9.39313502809964	Head	70	Head
#000000	0.323829484512098	14.3989587429445	Head	70	Head
#000000	0.348937883847393	14.1470437079668	Head	70	Head
#0000FF	0.254226533453912	15.0054516400676	Tail	70	Tail
#0000FF	0.308001287854277	14.6725838366896	Tail	70	Tail
#0000FF	0.0886149550694972	14.7146526134573	Tail	70	Tail
#0000FF	0.400541814034805	13.1596622859593	Tail	70	Tail
#FF0000	0.0774653053283691	14.9222718230449	Stand	70	Stand
#000000	0.16381146594882	12.9644438959192	Head	70	Head
#0000FF	0.499793324144557	11.2073162660003	Tail	70	Tail
#000000	0.337280595432967	15.5000076191965	Head	70	Head
#000000	0.424898494607769	13.0087041860912	Head	70	Head
#0000FF	0.111165250292979	8.88728319909423	Tail	70	Tail
#0000FF	0.453740587332286	11.5412940931972	Tail	70	Tail
#0000FF	0.239629023931921	12.4057538162451	Tail	70	Tail
#000000	0.129560211431235	12.0116586739197	Head	70	Head
#0000FF	0.0655364397587255	15.3886513052974	Tail	70	Tail
#000000	0.50372586235404	11.6769075221382	Head	70	Head
#000000	0.326139115486294	11.1667007556185	Head	70	Head
#FF0000	0.0265200321935117	11.3706753288861	Stand	70	Stand
#0000FF	0.2283898355579	12.5789901987649	Tail	70	Tail
#0000FF	0.503412398267537	12.6640625789762	Tail	70	Tail
#000000	0.062543587400578	9.74628288419917	Head	70	Head
#FF0000	0.303926341924816	10.7076225993223	Stand	70	Stand
#000000	0.386929165795445	14.3162729012314	Head	70	Head
#0000FF	0.135025108456612	10.7046526200138	Tail	70	Tail
#0000FF	0.175047053131275	8.7568667490501	Tail	70	Tail
#000000	0.149506858424284	14.1739448742475	Head	70	Head
#0000FF	0.284154794402421	14.7699618048966	Tail	70	Tail
#0000FF	0.34779844478704	10.0928336371202	Tail	71	Tail
#FF0000	0.0685416352842003	9.79989732885733	Stand	71	Stand
#000000	0.208692259029485	10.2016717050225	Head	71	Head
#000000	0.440773080093786	14.6949438247364	Head	71	Head
#000000	0.265334628163837	10.5595846873242	Head	71	Head
#0000FF	0.0990119101386517	9.48402942894027	Tail	71	Tail
#0000FF	0.303940535746515	13.5480563766789	Tail	71	Tail
#0000FF	0.389876568564214	12.3958323495463	Tail	71	Tail
#0000FF	0.190799326626584	12.5983628784772	Tail	71	Tail
#000000	0.278191281007603	15.4228747115005	Head	71	Head
#0000FF	0.425445936843753	14.934783432493	Tail	71	Tail
#0000FF	0.184887986038812	10.5309668977745	Tail	71	Tail
#FF0000	0.0581427799677476	9.07889414248057	Stand	71	Stand
#000000	0.345456516593695	15.9600973333232	Head	71	Head
#0000FF	0.238288405342028	11.0702962529846	Tail	71	Tail
#000000	0.0742166383331642	11.1130732515361	Head	71	Head
#000000	0.248179284031503	13.4131513965316	Head	71	Head
#0000FF	0.290442175571807	9.23629068378359	Tail	71	Tail
#000000	0.334349135276862	13.0434483420569	Head	71	Head
#0000FF	0.106898436080664	10.8325091178063	Tail	71	Tail
#000000	0.0532122768834233	13.9375961172394	Head	71	Head
#000000	0.426064421762712	11.1037306327838	Head	71	Head
#000000	0.478246908974834	14.8886912561487	Head	71	Head
#0000FF	0.011337856752798	10.2213314069435	Tail	71	Tail
#0000FF	0.0558156196400523	8.34544474547729	Tail	71	Tail
#0000FF	0.259969361000694	11.9270619048271	Tail	71	Tail
#000000	0.255030010933988	15.7134510014672	Head	71	Head
#000000	0.429188628322445	11.5422463124618	Head	71	Head
#000000	0.329670511642471	14.8587810939178	Head	71	Head
#0000FF	0.492238304917701	9.87550783022307	Tail	71	Tail
#000000	0.508477364308201	14.3493781911675	Head	71	Head
#0000FF	0.287183352736756	14.9384605021682	Tail	71	Tail
#FF0000	0.239610495269299	8.59179224334657	Stand	71	Stand
#0000FF	0.362957729715854	12.3389368312433	Tail	71	Tail
#0000FF	0.448001621630974	9.76626442982815	Tail	71	Tail
#000000	0.450760150086135	15.8958451168146	Head	71	Head
#000000	0.225571414446458	9.84690808523446	Head	71	Head
#000000	0.494245571773499	10.773409625981	Head	71	Head
#0000FF	0.310940158776939	13.7489796484355	Tail	71	Tail
#FF0000	0.271994468281046	11.1601373806596	Stand	71	Stand
#000000	0.459911499861628	14.4910243749153	Head	71	Head
#000000	0.422637603119947	9.39313502809964	Head	71	Head
#000000	0.323829484512098	14.3989587429445	Head	71	Head
#000000	0.348937883847393	14.1470437079668	Head	71	Head
#0000FF	0.254226533453912	15.0054516400676	Tail	71	Tail
#0000FF	0.308001287854277	14.6725838366896	Tail	71	Tail
#0000FF	0.0886149550694972	14.7146526134573	Tail	71	Tail
#0000FF	0.400541814034805	13.1596622859593	Tail	71	Tail
#FF0000	0.0774653053283691	14.9222718230449	Stand	71	Stand
#000000	0.16381146594882	12.9644438959192	Head	71	Head
#0000FF	0.499793324144557	11.2073162660003	Tail	71	Tail
#000000	0.337280595432967	15.5000076191965	Head	71	Head
#000000	0.424898494607769	13.0087041860912	Head	71	Head
#0000FF	0.111165250292979	8.88728319909423	Tail	71	Tail
#0000FF	0.453740587332286	11.5412940931972	Tail	71	Tail
#0000FF	0.239629023931921	12.4057538162451	Tail	71	Tail
#000000	0.129560211431235	12.0116586739197	Head	71	Head
#0000FF	0.0655364397587255	15.3886513052974	Tail	71	Tail
#000000	0.50372586235404	11.6769075221382	Head	71	Head
#000000	0.326139115486294	11.1667007556185	Head	71	Head
#FF0000	0.0265200321935117	11.3706753288861	Stand	71	Stand
#0000FF	0.2283898355579	12.5789901987649	Tail	71	Tail
#0000FF	0.503412398267537	12.6640625789762	Tail	71	Tail
#000000	0.062543587400578	9.74628288419917	Head	71	Head
#FF0000	0.303926341924816	10.7076225993223	Stand	71	Stand
#000000	0.386929165795445	14.3162729012314	Head	71	Head
#0000FF	0.135025108456612	10.7046526200138	Tail	71	Tail
#0000FF	0.175047053131275	8.7568667490501	Tail	71	Tail
#000000	0.149506858424284	14.1739448742475	Head	71	Head
#0000FF	0.284154794402421	14.7699618048966	Tail	71	Tail
#000000	0.450963066066615	11.1210486006923	Head	71	Head
#0000FF	0.34779844478704	10.0928336371202	Tail	72	Tail
#FF0000	0.0685416352842003	9.79989732885733	Stand	72	Stand
#000000	0.208692259029485	10.2016717050225	Head	72	Head
#000000	0.440773080093786	14.6949438247364	Head	72	Head
#000000	0.265334628163837	10.5595846873242	Head	72	Head
#0000FF	0.0990119101386517	9.48402942894027	Tail	72	Tail
#0000FF	0.303940535746515	13.5480563766789	Tail	72	Tail
#0000FF	0.389876568564214	12.3958323495463	Tail	72	Tail
#0000FF	0.190799326626584	12.5983628784772	Tail	72	Tail
#000000	0.278191281007603	15.4228747115005	Head	72	Head
#0000FF	0.425445936843753	14.934783432493	Tail	72	Tail
#0000FF	0.184887986038812	10.5309668977745	Tail	72	Tail
#FF0000	0.0581427799677476	9.07889414248057	Stand	72	Stand
#000000	0.345456516593695	15.9600973333232	Head	72	Head
#0000FF	0.238288405342028	11.0702962529846	Tail	72	Tail
#000000	0.0742166383331642	11.1130732515361	Head	72	Head
#000000	0.248179284031503	13.4131513965316	Head	72	Head
#0000FF	0.290442175571807	9.23629068378359	Tail	72	Tail
#000000	0.334349135276862	13.0434483420569	Head	72	Head
#0000FF	0.106898436080664	10.8325091178063	Tail	72	Tail
#000000	0.0532122768834233	13.9375961172394	Head	72	Head
#000000	0.426064421762712	11.1037306327838	Head	72	Head
#000000	0.478246908974834	14.8886912561487	Head	72	Head
#0000FF	0.011337856752798	10.2213314069435	Tail	72	Tail
#0000FF	0.0558156196400523	8.34544474547729	Tail	72	Tail
#0000FF	0.259969361000694	11.9270619048271	Tail	72	Tail
#000000	0.255030010933988	15.7134510014672	Head	72	Head
#000000	0.429188628322445	11.5422463124618	Head	72	Head
#000000	0.329670511642471	14.8587810939178	Head	72	Head
#0000FF	0.492238304917701	9.87550783022307	Tail	72	Tail
#000000	0.508477364308201	14.3493781911675	Head	72	Head
#0000FF	0.287183352736756	14.9384605021682	Tail	72	Tail
#FF0000	0.239610495269299	8.59179224334657	Stand	72	Stand
#0000FF	0.362957729715854	12.3389368312433	Tail	72	Tail
#0000FF	0.448001621630974	9.76626442982815	Tail	72	Tail
#000000	0.450760150086135	15.8958451168146	Head	72	Head
#000000	0.225571414446458	9.84690808523446	Head	72	Head
#000000	0.494245571773499	10.773409625981	Head	72	Head
#0000FF	0.310940158776939	13.7489796484355	Tail	72	Tail
#FF0000	0.271994468281046	11.1601373806596	Stand	72	Stand
#000000	0.459911499861628	14.4910243749153	Head	72	Head
#000000	0.422637603119947	9.39313502809964	Head	72	Head
#000000	0.323829484512098	14.3989587429445	Head	72	Head
#000000	0.348937883847393	14.1470437079668	Head	72	Head
#0000FF	0.254226533453912	15.0054516400676	Tail	72	Tail
#0000FF	0.308001287854277	14.6725838366896	Tail	72	Tail
#0000FF	0.0886149550694972	14.7146526134573	Tail	72	Tail
#0000FF	0.400541814034805	13.1596622859593	Tail	72	Tail
#FF0000	0.0774653053283691	14.9222718230449	Stand	72	Stand
#000000	0.16381146594882	12.9644438959192	Head	72	Head
#0000FF	0.499793324144557	11.2073162660003	Tail	72	Tail
#000000	0.337280595432967	15.5000076191965	Head	72	Head
#000000	0.424898494607769	13.0087041860912	Head	72	Head
#0000FF	0.111165250292979	8.88728319909423	Tail	72	Tail
#0000FF	0.453740587332286	11.5412940931972	Tail	72	Tail
#0000FF	0.239629023931921	12.4057538162451	Tail	72	Tail
#000000	0.129560211431235	12.0116586739197	Head	72	Head
#0000FF	0.0655364397587255	15.3886513052974	Tail	72	Tail
#000000	0.50372586235404	11.6769075221382	Head	72	Head
#000000	0.326139115486294	11.1667007556185	Head	72	Head
#FF0000	0.0265200321935117	11.3706753288861	Stand	72	Stand
#0000FF	0.2283898355579	12.5789901987649	Tail	72	Tail
#0000FF	0.503412398267537	12.6640625789762	Tail	72	Tail
#000000	0.062543587400578	9.74628288419917	Head	72	Head
#FF0000	0.303926341924816	10.7076225993223	Stand	72	Stand
#000000	0.386929165795445	14.3162729012314	Head	72	Head
#0000FF	0.135025108456612	10.7046526200138	Tail	72	Tail
#0000FF	0.175047053131275	8.7568667490501	Tail	72	Tail
#000000	0.149506858424284	14.1739448742475	Head	72	Head
#0000FF	0.284154794402421	14.7699618048966	Tail	72	Tail
#000000	0.450963066066615	11.1210486006923	Head	72	Head
#0000FF	0.131499434462748	13.5675662557129	Tail	72	Tail
#0000FF	0.34779844478704	10.0928336371202	Tail	73	Tail
#FF0000	0.0685416352842003	9.79989732885733	Stand	73	Stand
#000000	0.208692259029485	10.2016717050225	Head	73	Head
#000000	0.440773080093786	14.6949438247364	Head	73	Head
#000000	0.265334628163837	10.5595846873242	Head	73	Head
#0000FF	0.0990119101386517	9.48402942894027	Tail	73	Tail
#0000FF	0.303940535746515	13.5480563766789	Tail	73	Tail
#0000FF	0.389876568564214	12.3958323495463	Tail	73	Tail
#0000FF	0.190799326626584	12.5983628784772	Tail	73	Tail
#000000	0.278191281007603	15.4228747115005	Head	73	Head
#0000FF	0.425445936843753	14.934783432493	Tail	73	Tail
#0000FF	0.184887986038812	10.5309668977745	Tail	73	Tail
#FF0000	0.0581427799677476	9.07889414248057	Stand	73	Stand
#000000	0.345456516593695	15.9600973333232	Head	73	Head
#0000FF	0.238288405342028	11.0702962529846	Tail	73	Tail
#000000	0.0742166383331642	11.1130732515361	Head	73	Head
#000000	0.248179284031503	13.4131513965316	Head	73	Head
#0000FF	0.290442175571807	9.23629068378359	Tail	73	Tail
#000000	0.334349135276862	13.0434483420569	Head	73	Head
#0000FF	0.106898436080664	10.8325091178063	Tail	73	Tail
#000000	0.0532122768834233	13.9375961172394	Head	73	Head
#000000	0.426064421762712	11.1037306327838	Head	73	Head
#000000	0.478246908974834	14.8886912561487	Head	73	Head
#0000FF	0.011337856752798	10.2213314069435	Tail	73	Tail
#0000FF	0.0558156196400523	8.34544474547729	Tail	73	Tail
#0000FF	0.259969361000694	11.9270619048271	Tail	73	Tail
#000000	0.255030010933988	15.7134510014672	Head	73	Head
#000000	0.429188628322445	11.5422463124618	Head	73	Head
#000000	0.329670511642471	14.8587810939178	Head	73	Head
#0000FF	0.492238304917701	9.87550783022307	Tail	73	Tail
#000000	0.508477364308201	14.3493781911675	Head	73	Head
#0000FF	0.287183352736756	14.9384605021682	Tail	73	Tail
#FF0000	0.239610495269299	8.59179224334657	Stand	73	Stand
#0000FF	0.362957729715854	12.3389368312433	Tail	73	Tail
#0000FF	0.448001621630974	9.76626442982815	Tail	73	Tail
#000000	0.450760150086135	15.8958451168146	Head	73	Head
#000000	0.225571414446458	9.84690808523446	Head	73	Head
#000000	0.494245571773499	10.773409625981	Head	73	Head
#0000FF	0.310940158776939	13.7489796484355	Tail	73	Tail
#FF0000	0.271994468281046	11.1601373806596	Stand	73	Stand
#000000	0.459911499861628	14.4910243749153	Head	73	Head
#000000	0.422637603119947	9.39313502809964	Head	73	Head
#000000	0.323829484512098	14.3989587429445	Head	73	Head
#000000	0.348937883847393	14.1470437079668	Head	73	Head
#0000FF	0.254226533453912	15.0054516400676	Tail	73	Tail
#0000FF	0.308001287854277	14.6725838366896	Tail	73	Tail
#0000FF	0.0886149550694972	14.7146526134573	Tail	73	Tail
#0000FF	0.400541814034805	13.1596622859593	Tail	73	Tail
#FF0000	0.0774653053283691	14.9222718230449	Stand	73	Stand
#000000	0.16381146594882	12.9644438959192	Head	73	Head
#0000FF	0.499793324144557	11.2073162660003	Tail	73	Tail
#000000	0.337280595432967	15.5000076191965	Head	73	Head
#000000	0.424898494607769	13.0087041860912	Head	73	Head
#0000FF	0.111165250292979	8.88728319909423	Tail	73	Tail
#0000FF	0.453740587332286	11.5412940931972	Tail	73	Tail
#0000FF	0.239629023931921	12.4057538162451	Tail	73	Tail
#000000	0.129560211431235	12.0116586739197	Head	73	Head
#0000FF	0.0655364397587255	15.3886513052974	Tail	73	Tail
#000000	0.50372586235404	11.6769075221382	Head	73	Head
#000000	0.326139115486294	11.1667007556185	Head	73	Head
#FF0000	0.0265200321935117	11.3706753288861	Stand	73	Stand
#0000FF	0.2283898355579	12.5789901987649	Tail	73	Tail
#0000FF	0.503412398267537	12.6640625789762	Tail	73	Tail
#000000	0.062543587400578	9.74628288419917	Head	73	Head
#FF0000	0.303926341924816	10.7076225993223	Stand	73	Stand
#000000	0.386929165795445	14.3162729012314	Head	73	Head
#0000FF	0.135025108456612	10.7046526200138	Tail	73	Tail
#0000FF	0.175047053131275	8.7568667490501	Tail	73	Tail
#000000	0.149506858424284	14.1739448742475	Head	73	Head
#0000FF	0.284154794402421	14.7699618048966	Tail	73	Tail
#000000	0.450963066066615	11.1210486006923	Head	73	Head
#0000FF	0.131499434462748	13.5675662557129	Tail	73	Tail
#000000	0.342859223824926	13.0902555613779	Head	73	Head
#0000FF	0.34779844478704	10.0928336371202	Tail	74	Tail
#FF0000	0.0685416352842003	9.79989732885733	Stand	74	Stand
#000000	0.208692259029485	10.2016717050225	Head	74	Head
#000000	0.440773080093786	14.6949438247364	Head	74	Head
#000000	0.265334628163837	10.5595846873242	Head	74	Head
#0000FF	0.0990119101386517	9.48402942894027	Tail	74	Tail
#0000FF	0.303940535746515	13.5480563766789	Tail	74	Tail
#0000FF	0.389876568564214	12.3958323495463	Tail	74	Tail
#0000FF	0.190799326626584	12.5983628784772	Tail	74	Tail
#000000	0.278191281007603	15.4228747115005	Head	74	Head
#0000FF	0.425445936843753	14.934783432493	Tail	74	Tail
#0000FF	0.184887986038812	10.5309668977745	Tail	74	Tail
#FF0000	0.0581427799677476	9.07889414248057	Stand	74	Stand
#000000	0.345456516593695	15.9600973333232	Head	74	Head
#0000FF	0.238288405342028	11.0702962529846	Tail	74	Tail
#000000	0.0742166383331642	11.1130732515361	Head	74	Head
#000000	0.248179284031503	13.4131513965316	Head	74	Head
#0000FF	0.290442175571807	9.23629068378359	Tail	74	Tail
#000000	0.334349135276862	13.0434483420569	Head	74	Head
#0000FF	0.106898436080664	10.8325091178063	Tail	74	Tail
#000000	0.0532122768834233	13.9375961172394	Head	74	Head
#000000	0.426064421762712	11.1037306327838	Head	74	Head
#000000	0.478246908974834	14.8886912561487	Head	74	Head
#0000FF	0.011337856752798	10.2213314069435	Tail	74	Tail
#0000FF	0.0558156196400523	8.34544474547729	Tail	74	Tail
#0000FF	0.259969361000694	11.9270619048271	Tail	74	Tail
#000000	0.255030010933988	15.7134510014672	Head	74	Head
#000000	0.429188628322445	11.5422463124618	Head	74	Head
#000000	0.329670511642471	14.8587810939178	Head	74	Head
#0000FF	0.492238304917701	9.87550783022307	Tail	74	Tail
#000000	0.508477364308201	14.3493781911675	Head	74	Head
#0000FF	0.287183352736756	14.9384605021682	Tail	74	Tail
#FF0000	0.239610495269299	8.59179224334657	Stand	74	Stand
#0000FF	0.362957729715854	12.3389368312433	Tail	74	Tail
#0000FF	0.448001621630974	9.76626442982815	Tail	74	Tail
#000000	0.450760150086135	15.8958451168146	Head	74	Head
#000000	0.225571414446458	9.84690808523446	Head	74	Head
#000000	0.494245571773499	10.773409625981	Head	74	Head
#0000FF	0.310940158776939	13.7489796484355	Tail	74	Tail
#FF0000	0.271994468281046	11.1601373806596	Stand	74	Stand
#000000	0.459911499861628	14.4910243749153	Head	74	Head
#000000	0.422637603119947	9.39313502809964	Head	74	Head
#000000	0.323829484512098	14.3989587429445	Head	74	Head
#000000	0.348937883847393	14.1470437079668	Head	74	Head
#0000FF	0.254226533453912	15.0054516400676	Tail	74	Tail
#0000FF	0.308001287854277	14.6725838366896	Tail	74	Tail
#0000FF	0.0886149550694972	14.7146526134573	Tail	74	Tail
#0000FF	0.400541814034805	13.1596622859593	Tail	74	Tail
#FF0000	0.0774653053283691	14.9222718230449	Stand	74	Stand
#000000	0.16381146594882	12.9644438959192	Head	74	Head
#0000FF	0.499793324144557	11.2073162660003	Tail	74	Tail
#000000	0.337280595432967	15.5000076191965	Head	74	Head
#000000	0.424898494607769	13.0087041860912	Head	74	Head
#0000FF	0.111165250292979	8.88728319909423	Tail	74	Tail
#0000FF	0.453740587332286	11.5412940931972	Tail	74	Tail
#0000FF	0.239629023931921	12.4057538162451	Tail	74	Tail
#000000	0.129560211431235	12.0116586739197	Head	74	Head
#0000FF	0.0655364397587255	15.3886513052974	Tail	74	Tail
#000000	0.50372586235404	11.6769075221382	Head	74	Head
#000000	0.326139115486294	11.1667007556185	Head	74	Head
#FF0000	0.0265200321935117	11.3706753288861	Stand	74	Stand
#0000FF	0.2283898355579	12.5789901987649	Tail	74	Tail
#0000FF	0.503412398267537	12.6640625789762	Tail	74	Tail
#000000	0.062543587400578	9.74628288419917	Head	74	Head
#FF0000	0.303926341924816	10.7076225993223	Stand	74	Stand
#000000	0.386929165795445	14.3162729012314	Head	74	Head
#0000FF	0.135025108456612	10.7046526200138	Tail	74	Tail
#0000FF	0.175047053131275	8.7568667490501	Tail	74	Tail
#000000	0.149506858424284	14.1739448742475	Head	74	Head
#0000FF	0.284154794402421	14.7699618048966	Tail	74	Tail
#000000	0.450963066066615	11.1210486006923	Head	74	Head
#0000FF	0.131499434462748	13.5675662557129	Tail	74	Tail
#000000	0.342859223824926	13.0902555613779	Head	74	Head
#0000FF	0.373053858629428	15.7867367291823	Tail	74	Tail
#0000FF	0.34779844478704	10.0928336371202	Tail	75	Tail
#FF0000	0.0685416352842003	9.79989732885733	Stand	75	Stand
#000000	0.208692259029485	10.2016717050225	Head	75	Head
#000000	0.440773080093786	14.6949438247364	Head	75	Head
#000000	0.265334628163837	10.5595846873242	Head	75	Head
#0000FF	0.0990119101386517	9.48402942894027	Tail	75	Tail
#0000FF	0.303940535746515	13.5480563766789	Tail	75	Tail
#0000FF	0.389876568564214	12.3958323495463	Tail	75	Tail
#0000FF	0.190799326626584	12.5983628784772	Tail	75	Tail
#000000	0.278191281007603	15.4228747115005	Head	75	Head
#0000FF	0.425445936843753	14.934783432493	Tail	75	Tail
#0000FF	0.184887986038812	10.5309668977745	Tail	75	Tail
#FF0000	0.0581427799677476	9.07889414248057	Stand	75	Stand
#000000	0.345456516593695	15.9600973333232	Head	75	Head
#0000FF	0.238288405342028	11.0702962529846	Tail	75	Tail
#000000	0.0742166383331642	11.1130732515361	Head	75	Head
#000000	0.248179284031503	13.4131513965316	Head	75	Head
#0000FF	0.290442175571807	9.23629068378359	Tail	75	Tail
#000000	0.334349135276862	13.0434483420569	Head	75	Head
#0000FF	0.106898436080664	10.8325091178063	Tail	75	Tail
#000000	0.0532122768834233	13.9375961172394	Head	75	Head
#000000	0.426064421762712	11.1037306327838	Head	75	Head
#000000	0.478246908974834	14.8886912561487	Head	75	Head
#0000FF	0.011337856752798	10.2213314069435	Tail	75	Tail
#0000FF	0.0558156196400523	8.34544474547729	Tail	75	Tail
#0000FF	0.259969361000694	11.9270619048271	Tail	75	Tail
#000000	0.255030010933988	15.7134510014672	Head	75	Head
#000000	0.429188628322445	11.5422463124618	Head	75	Head
#000000	0.329670511642471	14.8587810939178	Head	75	Head
#0000FF	0.492238304917701	9.87550783022307	Tail	75	Tail
#000000	0.508477364308201	14.3493781911675	Head	75	Head
#0000FF	0.287183352736756	14.9384605021682	Tail	75	Tail
#FF0000	0.239610495269299	8.59179224334657	Stand	75	Stand
#0000FF	0.362957729715854	12.3389368312433	Tail	75	Tail
#0000FF	0.448001621630974	9.76626442982815	Tail	75	Tail
#000000	0.450760150086135	15.8958451168146	Head	75	Head
#000000	0.225571414446458	9.84690808523446	Head	75	Head
#000000	0.494245571773499	10.773409625981	Head	75	Head
#0000FF	0.310940158776939	13.7489796484355	Tail	75	Tail
#FF0000	0.271994468281046	11.1601373806596	Stand	75	Stand
#000000	0.459911499861628	14.4910243749153	Head	75	Head
#000000	0.422637603119947	9.39313502809964	Head	75	Head
#000000	0.323829484512098	14.3989587429445	Head	75	Head
#000000	0.348937883847393	14.1470437079668	Head	75	Head
#0000FF	0.254226533453912	15.0054516400676	Tail	75	Tail
#0000FF	0.308001287854277	14.6725838366896	Tail	75	Tail
#0000FF	0.0886149550694972	14.7146526134573	Tail	75	Tail
#0000FF	0.400541814034805	13.1596622859593	Tail	75	Tail
#FF0000	0.0774653053283691	14.9222718230449	Stand	75	Stand
#000000	0.16381146594882	12.9644438959192	Head	75	Head
#0000FF	0.499793324144557	11.2073162660003	Tail	75	Tail
#000000	0.337280595432967	15.5000076191965	Head	75	Head
#000000	0.424898494607769	13.0087041860912	Head	75	Head
#0000FF	0.111165250292979	8.88728319909423	Tail	75	Tail
#0000FF	0.453740587332286	11.5412940931972	Tail	75	Tail
#0000FF	0.239629023931921	12.4057538162451	Tail	75	Tail
#000000	0.129560211431235	12.0116586739197	Head	75	Head
#0000FF	0.0655364397587255	15.3886513052974	Tail	75	Tail
#000000	0.50372586235404	11.6769075221382	Head	75	Head
#000000	0.326139115486294	11.1667007556185	Head	75	Head
#FF0000	0.0265200321935117	11.3706753288861	Stand	75	Stand
#0000FF	0.2283898355579	12.5789901987649	Tail	75	Tail
#0000FF	0.503412398267537	12.6640625789762	Tail	75	Tail
#000000	0.062543587400578	9.74628288419917	Head	75	Head
#FF0000	0.303926341924816	10.7076225993223	Stand	75	Stand
#000000	0.386929165795445	14.3162729012314	Head	75	Head
#0000FF	0.135025108456612	10.7046526200138	Tail	75	Tail
#0000FF	0.175047053131275	8.7568667490501	Tail	75	Tail
#000000	0.149506858424284	14.1739448742475	Head	75	Head
#0000FF	0.284154794402421	14.7699618048966	Tail	75	Tail
#000000	0.450963066066615	11.1210486006923	Head	75	Head
#0000FF	0.131499434462748	13.5675662557129	Tail	75	Tail
#000000	0.342859223824926	13.0902555613779	Head	75	Head
#0000FF	0.373053858629428	15.7867367291823	Tail	75	Tail
#FF0000	0.317482275413349	12.144708814472	Stand	75	Stand
#0000FF	0.34779844478704	10.0928336371202	Tail	76	Tail
#FF0000	0.0685416352842003	9.79989732885733	Stand	76	Stand
#000000	0.208692259029485	10.2016717050225	Head	76	Head
#000000	0.440773080093786	14.6949438247364	Head	76	Head
#000000	0.265334628163837	10.5595846873242	Head	76	Head
#0000FF	0.0990119101386517	9.48402942894027	Tail	76	Tail
#0000FF	0.303940535746515	13.5480563766789	Tail	76	Tail
#0000FF	0.389876568564214	12.3958323495463	Tail	76	Tail
#0000FF	0.190799326626584	12.5983628784772	Tail	76	Tail
#000000	0.278191281007603	15.4228747115005	Head	76	Head
#0000FF	0.425445936843753	14.934783432493	Tail	76	Tail
#0000FF	0.184887986038812	10.5309668977745	Tail	76	Tail
#FF0000	0.0581427799677476	9.07889414248057	Stand	76	Stand
#000000	0.345456516593695	15.9600973333232	Head	76	Head
#0000FF	0.238288405342028	11.0702962529846	Tail	76	Tail
#000000	0.0742166383331642	11.1130732515361	Head	76	Head
#000000	0.248179284031503	13.4131513965316	Head	76	Head
#0000FF	0.290442175571807	9.23629068378359	Tail	76	Tail
#000000	0.334349135276862	13.0434483420569	Head	76	Head
#0000FF	0.106898436080664	10.8325091178063	Tail	76	Tail
#000000	0.0532122768834233	13.9375961172394	Head	76	Head
#000000	0.426064421762712	11.1037306327838	Head	76	Head
#000000	0.478246908974834	14.8886912561487	Head	76	Head
#0000FF	0.011337856752798	10.2213314069435	Tail	76	Tail
#0000FF	0.0558156196400523	8.34544474547729	Tail	76	Tail
#0000FF	0.259969361000694	11.9270619048271	Tail	76	Tail
#000000	0.255030010933988	15.7134510014672	Head	76	Head
#000000	0.429188628322445	11.5422463124618	Head	76	Head
#000000	0.329670511642471	14.8587810939178	Head	76	Head
#0000FF	0.492238304917701	9.87550783022307	Tail	76	Tail
#000000	0.508477364308201	14.3493781911675	Head	76	Head
#0000FF	0.287183352736756	14.9384605021682	Tail	76	Tail
#FF0000	0.239610495269299	8.59179224334657	Stand	76	Stand
#0000FF	0.362957729715854	12.3389368312433	Tail	76	Tail
#0000FF	0.448001621630974	9.76626442982815	Tail	76	Tail
#000000	0.450760150086135	15.8958451168146	Head	76	Head
#000000	0.225571414446458	9.84690808523446	Head	76	Head
#000000	0.494245571773499	10.773409625981	Head	76	Head
#0000FF	0.310940158776939	13.7489796484355	Tail	76	Tail
#FF0000	0.271994468281046	11.1601373806596	Stand	76	Stand
#000000	0.459911499861628	14.4910243749153	Head	76	Head
#000000	0.422637603119947	9.39313502809964	Head	76	Head
#000000	0.323829484512098	14.3989587429445	Head	76	Head
#000000	0.348937883847393	14.1470437079668	Head	76	Head
#0000FF	0.254226533453912	15.0054516400676	Tail	76	Tail
#0000FF	0.308001287854277	14.6725838366896	Tail	76	Tail
#0000FF	0.0886149550694972	14.7146526134573	Tail	76	Tail
#0000FF	0.400541814034805	13.1596622859593	Tail	76	Tail
#FF0000	0.0774653053283691	14.9222718230449	Stand	76	Stand
#000000	0.16381146594882	12.9644438959192	Head	76	Head
#0000FF	0.499793324144557	11.2073162660003	Tail	76	Tail
#000000	0.337280595432967	15.5000076191965	Head	76	Head
#000000	0.424898494607769	13.0087041860912	Head	76	Head
#0000FF	0.111165250292979	8.88728319909423	Tail	76	Tail
#0000FF	0.453740587332286	11.5412940931972	Tail	76	Tail
#0000FF	0.239629023931921	12.4057538162451	Tail	76	Tail
#000000	0.129560211431235	12.0116586739197	Head	76	Head
#0000FF	0.0655364397587255	15.3886513052974	Tail	76	Tail
#000000	0.50372586235404	11.6769075221382	Head	76	Head
#000000	0.326139115486294	11.1667007556185	Head	76	Head
#FF0000	0.0265200321935117	11.3706753288861	Stand	76	Stand
#0000FF	0.2283898355579	12.5789901987649	Tail	76	Tail
#0000FF	0.503412398267537	12.6640625789762	Tail	76	Tail
#000000	0.062543587400578	9.74628288419917	Head	76	Head
#FF0000	0.303926341924816	10.7076225993223	Stand	76	Stand
#000000	0.386929165795445	14.3162729012314	Head	76	Head
#0000FF	0.135025108456612	10.7046526200138	Tail	76	Tail
#0000FF	0.175047053131275	8.7568667490501	Tail	76	Tail
#000000	0.149506858424284	14.1739448742475	Head	76	Head
#0000FF	0.284154794402421	14.7699618048966	Tail	76	Tail
#000000	0.450963066066615	11.1210486006923	Head	76	Head
#0000FF	0.131499434462748	13.5675662557129	Tail	76	Tail
#000000	0.342859223824926	13.0902555613779	Head	76	Head
#0000FF	0.373053858629428	15.7867367291823	Tail	76	Tail
#FF0000	0.317482275413349	12.144708814472	Stand	76	Stand
#000000	0.0693903800472617	15.9878055160865	Head	76	Head
#0000FF	0.34779844478704	10.0928336371202	Tail	77	Tail
#FF0000	0.0685416352842003	9.79989732885733	Stand	77	Stand
#000000	0.208692259029485	10.2016717050225	Head	77	Head
#000000	0.440773080093786	14.6949438247364	Head	77	Head
#000000	0.265334628163837	10.5595846873242	Head	77	Head
#0000FF	0.0990119101386517	9.48402942894027	Tail	77	Tail
#0000FF	0.303940535746515	13.5480563766789	Tail	77	Tail
#0000FF	0.389876568564214	12.3958323495463	Tail	77	Tail
#0000FF	0.190799326626584	12.5983628784772	Tail	77	Tail
#000000	0.278191281007603	15.4228747115005	Head	77	Head
#0000FF	0.425445936843753	14.934783432493	Tail	77	Tail
#0000FF	0.184887986038812	10.5309668977745	Tail	77	Tail
#FF0000	0.0581427799677476	9.07889414248057	Stand	77	Stand
#000000	0.345456516593695	15.9600973333232	Head	77	Head
#0000FF	0.238288405342028	11.0702962529846	Tail	77	Tail
#000000	0.0742166383331642	11.1130732515361	Head	77	Head
#000000	0.248179284031503	13.4131513965316	Head	77	Head
#0000FF	0.290442175571807	9.23629068378359	Tail	77	Tail
#000000	0.334349135276862	13.0434483420569	Head	77	Head
#0000FF	0.106898436080664	10.8325091178063	Tail	77	Tail
#000000	0.0532122768834233	13.9375961172394	Head	77	Head
#000000	0.426064421762712	11.1037306327838	Head	77	Head
#000000	0.478246908974834	14.8886912561487	Head	77	Head
#0000FF	0.011337856752798	10.2213314069435	Tail	77	Tail
#0000FF	0.0558156196400523	8.34544474547729	Tail	77	Tail
#0000FF	0.259969361000694	11.9270619048271	Tail	77	Tail
#000000	0.255030010933988	15.7134510014672	Head	77	Head
#000000	0.429188628322445	11.5422463124618	Head	77	Head
#000000	0.329670511642471	14.8587810939178	Head	77	Head
#0000FF	0.492238304917701	9.87550783022307	Tail	77	Tail
#000000	0.508477364308201	14.3493781911675	Head	77	Head
#0000FF	0.287183352736756	14.9384605021682	Tail	77	Tail
#FF0000	0.239610495269299	8.59179224334657	Stand	77	Stand
#0000FF	0.362957729715854	12.3389368312433	Tail	77	Tail
#0000FF	0.448001621630974	9.76626442982815	Tail	77	Tail
#000000	0.450760150086135	15.8958451168146	Head	77	Head
#000000	0.225571414446458	9.84690808523446	Head	77	Head
#000000	0.494245571773499	10.773409625981	Head	77	Head
#0000FF	0.310940158776939	13.7489796484355	Tail	77	Tail
#FF0000	0.271994468281046	11.1601373806596	Stand	77	Stand
#000000	0.459911499861628	14.4910243749153	Head	77	Head
#000000	0.422637603119947	9.39313502809964	Head	77	Head
#000000	0.323829484512098	14.3989587429445	Head	77	Head
#000000	0.348937883847393	14.1470437079668	Head	77	Head
#0000FF	0.254226533453912	15.0054516400676	Tail	77	Tail
#0000FF	0.308001287854277	14.6725838366896	Tail	77	Tail
#0000FF	0.0886149550694972	14.7146526134573	Tail	77	Tail
#0000FF	0.400541814034805	13.1596622859593	Tail	77	Tail
#FF0000	0.0774653053283691	14.9222718230449	Stand	77	Stand
#000000	0.16381146594882	12.9644438959192	Head	77	Head
#0000FF	0.499793324144557	11.2073162660003	Tail	77	Tail
#000000	0.337280595432967	15.5000076191965	Head	77	Head
#000000	0.424898494607769	13.0087041860912	Head	77	Head
#0000FF	0.111165250292979	8.88728319909423	Tail	77	Tail
#0000FF	0.453740587332286	11.5412940931972	Tail	77	Tail
#0000FF	0.239629023931921	12.4057538162451	Tail	77	Tail
#000000	0.129560211431235	12.0116586739197	Head	77	Head
#0000FF	0.0655364397587255	15.3886513052974	Tail	77	Tail
#000000	0.50372586235404	11.6769075221382	Head	77	Head
#000000	0.326139115486294	11.1667007556185	Head	77	Head
#FF0000	0.0265200321935117	11.3706753288861	Stand	77	Stand
#0000FF	0.2283898355579	12.5789901987649	Tail	77	Tail
#0000FF	0.503412398267537	12.6640625789762	Tail	77	Tail
#000000	0.062543587400578	9.74628288419917	Head	77	Head
#FF0000	0.303926341924816	10.7076225993223	Stand	77	Stand
#000000	0.386929165795445	14.3162729012314	Head	77	Head
#0000FF	0.135025108456612	10.7046526200138	Tail	77	Tail
#0000FF	0.175047053131275	8.7568667490501	Tail	77	Tail
#000000	0.149506858424284	14.1739448742475	Head	77	Head
#0000FF	0.284154794402421	14.7699618048966	Tail	77	Tail
#000000	0.450963066066615	11.1210486006923	Head	77	Head
#0000FF	0.131499434462748	13.5675662557129	Tail	77	Tail
#000000	0.342859223824926	13.0902555613779	Head	77	Head
#0000FF	0.373053858629428	15.7867367291823	Tail	77	Tail
#FF0000	0.317482275413349	12.144708814472	Stand	77	Stand
#000000	0.0693903800472617	15.9878055160865	Head	77	Head
#FF0000	0.0880201671877876	15.9957972571719	Stand	77	Stand
#0000FF	0.34779844478704	10.0928336371202	Tail	78	Tail
#FF0000	0.0685416352842003	9.79989732885733	Stand	78	Stand
#000000	0.208692259029485	10.2016717050225	Head	78	Head
#000000	0.440773080093786	14.6949438247364	Head	78	Head
#000000	0.265334628163837	10.5595846873242	Head	78	Head
#0000FF	0.0990119101386517	9.48402942894027	Tail	78	Tail
#0000FF	0.303940535746515	13.5480563766789	Tail	78	Tail
#0000FF	0.389876568564214	12.3958323495463	Tail	78	Tail
#0000FF	0.190799326626584	12.5983628784772	Tail	78	Tail
#000000	0.278191281007603	15.4228747115005	Head	78	Head
#0000FF	0.425445936843753	14.934783432493	Tail	78	Tail
#0000FF	0.184887986038812	10.5309668977745	Tail	78	Tail
#FF0000	0.0581427799677476	9.07889414248057	Stand	78	Stand
#000000	0.345456516593695	15.9600973333232	Head	78	Head
#0000FF	0.238288405342028	11.0702962529846	Tail	78	Tail
#000000	0.0742166383331642	11.1130732515361	Head	78	Head
#000000	0.248179284031503	13.4131513965316	Head	78	Head
#0000FF	0.290442175571807	9.23629068378359	Tail	78	Tail
#000000	0.334349135276862	13.0434483420569	Head	78	Head
#0000FF	0.106898436080664	10.8325091178063	Tail	78	Tail
#000000	0.0532122768834233	13.9375961172394	Head	78	Head
#000000	0.426064421762712	11.1037306327838	Head	78	Head
#000000	0.478246908974834	14.8886912561487	Head	78	Head
#0000FF	0.011337856752798	10.2213314069435	Tail	78	Tail
#0000FF	0.0558156196400523	8.34544474547729	Tail	78	Tail
#0000FF	0.259969361000694	11.9270619048271	Tail	78	Tail
#000000	0.255030010933988	15.7134510014672	Head	78	Head
#000000	0.429188628322445	11.5422463124618	Head	78	Head
#000000	0.329670511642471	14.8587810939178	Head	78	Head
#0000FF	0.492238304917701	9.87550783022307	Tail	78	Tail
#000000	0.508477364308201	14.3493781911675	Head	78	Head
#0000FF	0.287183352736756	14.9384605021682	Tail	78	Tail
#FF0000	0.239610495269299	8.59179224334657	Stand	78	Stand
#0000FF	0.362957729715854	12.3389368312433	Tail	78	Tail
#0000FF	0.448001621630974	9.76626442982815	Tail	78	Tail
#000000	0.450760150086135	15.8958451168146	Head	78	Head
#000000	0.225571414446458	9.84690808523446	Head	78	Head
#000000	0.494245571773499	10.773409625981	Head	78	Head
#0000FF	0.310940158776939	13.7489796484355	Tail	78	Tail
#FF0000	0.271994468281046	11.1601373806596	Stand	78	Stand
#000000	0.459911499861628	14.4910243749153	Head	78	Head
#000000	0.422637603119947	9.39313502809964	Head	78	Head
#000000	0.323829484512098	14.3989587429445	Head	78	Head
#000000	0.348937883847393	14.1470437079668	Head	78	Head
#0000FF	0.254226533453912	15.0054516400676	Tail	78	Tail
#0000FF	0.308001287854277	14.6725838366896	Tail	78	Tail
#0000FF	0.0886149550694972	14.7146526134573	Tail	78	Tail
#0000FF	0.400541814034805	13.1596622859593	Tail	78	Tail
#FF0000	0.0774653053283691	14.9222718230449	Stand	78	Stand
#000000	0.16381146594882	12.9644438959192	Head	78	Head
#0000FF	0.499793324144557	11.2073162660003	Tail	78	Tail
#000000	0.337280595432967	15.5000076191965	Head	78	Head
#000000	0.424898494607769	13.0087041860912	Head	78	Head
#0000FF	0.111165250292979	8.88728319909423	Tail	78	Tail
#0000FF	0.453740587332286	11.5412940931972	Tail	78	Tail
#0000FF	0.239629023931921	12.4057538162451	Tail	78	Tail
#000000	0.129560211431235	12.0116586739197	Head	78	Head
#0000FF	0.0655364397587255	15.3886513052974	Tail	78	Tail
#000000	0.50372586235404	11.6769075221382	Head	78	Head
#000000	0.326139115486294	11.1667007556185	Head	78	Head
#FF0000	0.0265200321935117	11.3706753288861	Stand	78	Stand
#0000FF	0.2283898355579	12.5789901987649	Tail	78	Tail
#0000FF	0.503412398267537	12.6640625789762	Tail	78	Tail
#000000	0.062543587400578	9.74628288419917	Head	78	Head
#FF0000	0.303926341924816	10.7076225993223	Stand	78	Stand
#000000	0.386929165795445	14.3162729012314	Head	78	Head
#0000FF	0.135025108456612	10.7046526200138	Tail	78	Tail
#0000FF	0.175047053131275	8.7568667490501	Tail	78	Tail
#000000	0.149506858424284	14.1739448742475	Head	78	Head
#0000FF	0.284154794402421	14.7699618048966	Tail	78	Tail
#000000	0.450963066066615	11.1210486006923	Head	78	Head
#0000FF	0.131499434462748	13.5675662557129	Tail	78	Tail
#000000	0.342859223824926	13.0902555613779	Head	78	Head
#0000FF	0.373053858629428	15.7867367291823	Tail	78	Tail
#FF0000	0.317482275413349	12.144708814472	Stand	78	Stand
#000000	0.0693903800472617	15.9878055160865	Head	78	Head
#FF0000	0.0880201671877876	15.9957972571719	Stand	78	Stand
#000000	0.0618432977842167	8.45936055579223	Head	78	Head
#0000FF	0.34779844478704	10.0928336371202	Tail	79	Tail
#FF0000	0.0685416352842003	9.79989732885733	Stand	79	Stand
#000000	0.208692259029485	10.2016717050225	Head	79	Head
#000000	0.440773080093786	14.6949438247364	Head	79	Head
#000000	0.265334628163837	10.5595846873242	Head	79	Head
#0000FF	0.0990119101386517	9.48402942894027	Tail	79	Tail
#0000FF	0.303940535746515	13.5480563766789	Tail	79	Tail
#0000FF	0.389876568564214	12.3958323495463	Tail	79	Tail
#0000FF	0.190799326626584	12.5983628784772	Tail	79	Tail
#000000	0.278191281007603	15.4228747115005	Head	79	Head
#0000FF	0.425445936843753	14.934783432493	Tail	79	Tail
#0000FF	0.184887986038812	10.5309668977745	Tail	79	Tail
#FF0000	0.0581427799677476	9.07889414248057	Stand	79	Stand
#000000	0.345456516593695	15.9600973333232	Head	79	Head
#0000FF	0.238288405342028	11.0702962529846	Tail	79	Tail
#000000	0.0742166383331642	11.1130732515361	Head	79	Head
#000000	0.248179284031503	13.4131513965316	Head	79	Head
#0000FF	0.290442175571807	9.23629068378359	Tail	79	Tail
#000000	0.334349135276862	13.0434483420569	Head	79	Head
#0000FF	0.106898436080664	10.8325091178063	Tail	79	Tail
#000000	0.0532122768834233	13.9375961172394	Head	79	Head
#000000	0.426064421762712	11.1037306327838	Head	79	Head
#000000	0.478246908974834	14.8886912561487	Head	79	Head
#0000FF	0.011337856752798	10.2213314069435	Tail	79	Tail
#0000FF	0.0558156196400523	8.34544474547729	Tail	79	Tail
#0000FF	0.259969361000694	11.9270619048271	Tail	79	Tail
#000000	0.255030010933988	15.7134510014672	Head	79	Head
#000000	0.429188628322445	11.5422463124618	Head	79	Head
#000000	0.329670511642471	14.8587810939178	Head	79	Head
#0000FF	0.492238304917701	9.87550783022307	Tail	79	Tail
#000000	0.508477364308201	14.3493781911675	Head	79	Head
#0000FF	0.287183352736756	14.9384605021682	Tail	79	Tail
#FF0000	0.239610495269299	8.59179224334657	Stand	79	Stand
#0000FF	0.362957729715854	12.3389368312433	Tail	79	Tail
#0000FF	0.448001621630974	9.76626442982815	Tail	79	Tail
#000000	0.450760150086135	15.8958451168146	Head	79	Head
#000000	0.225571414446458	9.84690808523446	Head	79	Head
#000000	0.494245571773499	10.773409625981	Head	79	Head
#0000FF	0.310940158776939	13.7489796484355	Tail	79	Tail
#FF0000	0.271994468281046	11.1601373806596	Stand	79	Stand
#000000	0.459911499861628	14.4910243749153	Head	79	Head
#000000	0.422637603119947	9.39313502809964	Head	79	Head
#000000	0.323829484512098	14.3989587429445	Head	79	Head
#000000	0.348937883847393	14.1470437079668	Head	79	Head
#0000FF	0.254226533453912	15.0054516400676	Tail	79	Tail
#0000FF	0.308001287854277	14.6725838366896	Tail	79	Tail
#0000FF	0.0886149550694972	14.7146526134573	Tail	79	Tail
#0000FF	0.400541814034805	13.1596622859593	Tail	79	Tail
#FF0000	0.0774653053283691	14.9222718230449	Stand	79	Stand
#000000	0.16381146594882	12.9644438959192	Head	79	Head
#0000FF	0.499793324144557	11.2073162660003	Tail	79	Tail
#000000	0.337280595432967	15.5000076191965	Head	79	Head
#000000	0.424898494607769	13.0087041860912	Head	79	Head
#0000FF	0.111165250292979	8.88728319909423	Tail	79	Tail
#0000FF	0.453740587332286	11.5412940931972	Tail	79	Tail
#0000FF	0.239629023931921	12.4057538162451	Tail	79	Tail
#000000	0.129560211431235	12.0116586739197	Head	79	Head
#0000FF	0.0655364397587255	15.3886513052974	Tail	79	Tail
#000000	0.50372586235404	11.6769075221382	Head	79	Head
#000000	0.326139115486294	11.1667007556185	Head	79	Head
#FF0000	0.0265200321935117	11.3706753288861	Stand	79	Stand
#0000FF	0.2283898355579	12.5789901987649	Tail	79	Tail
#0000FF	0.503412398267537	12.6640625789762	Tail	79	Tail
#000000	0.062543587400578	9.74628288419917	Head	79	Head
#FF0000	0.303926341924816	10.7076225993223	Stand	79	Stand
#000000	0.386929165795445	14.3162729012314	Head	79	Head
#0000FF	0.135025108456612	10.7046526200138	Tail	79	Tail
#0000FF	0.175047053131275	8.7568667490501	Tail	79	Tail
#000000	0.149506858424284	14.1739448742475	Head	79	Head
#0000FF	0.284154794402421	14.7699618048966	Tail	79	Tail
#000000	0.450963066066615	11.1210486006923	Head	79	Head
#0000FF	0.131499434462748	13.5675662557129	Tail	79	Tail
#000000	0.342859223824926	13.0902555613779	Head	79	Head
#0000FF	0.373053858629428	15.7867367291823	Tail	79	Tail
#FF0000	0.317482275413349	12.144708814472	Stand	79	Stand
#000000	0.0693903800472617	15.9878055160865	Head	79	Head
#FF0000	0.0880201671877876	15.9957972571719	Stand	79	Stand
#000000	0.0618432977842167	8.45936055579223	Head	79	Head
#000000	0.176653641383164	10.7572617995553	Head	79	Head
#0000FF	0.34779844478704	10.0928336371202	Tail	80	Tail
#FF0000	0.0685416352842003	9.79989732885733	Stand	80	Stand
#000000	0.208692259029485	10.2016717050225	Head	80	Head
#000000	0.440773080093786	14.6949438247364	Head	80	Head
#000000	0.265334628163837	10.5595846873242	Head	80	Head
#0000FF	0.0990119101386517	9.48402942894027	Tail	80	Tail
#0000FF	0.303940535746515	13.5480563766789	Tail	80	Tail
#0000FF	0.389876568564214	12.3958323495463	Tail	80	Tail
#0000FF	0.190799326626584	12.5983628784772	Tail	80	Tail
#000000	0.278191281007603	15.4228747115005	Head	80	Head
#0000FF	0.425445936843753	14.934783432493	Tail	80	Tail
#0000FF	0.184887986038812	10.5309668977745	Tail	80	Tail
#FF0000	0.0581427799677476	9.07889414248057	Stand	80	Stand
#000000	0.345456516593695	15.9600973333232	Head	80	Head
#0000FF	0.238288405342028	11.0702962529846	Tail	80	Tail
#000000	0.0742166383331642	11.1130732515361	Head	80	Head
#000000	0.248179284031503	13.4131513965316	Head	80	Head
#0000FF	0.290442175571807	9.23629068378359	Tail	80	Tail
#000000	0.334349135276862	13.0434483420569	Head	80	Head
#0000FF	0.106898436080664	10.8325091178063	Tail	80	Tail
#000000	0.0532122768834233	13.9375961172394	Head	80	Head
#000000	0.426064421762712	11.1037306327838	Head	80	Head
#000000	0.478246908974834	14.8886912561487	Head	80	Head
#0000FF	0.011337856752798	10.2213314069435	Tail	80	Tail
#0000FF	0.0558156196400523	8.34544474547729	Tail	80	Tail
#0000FF	0.259969361000694	11.9270619048271	Tail	80	Tail
#000000	0.255030010933988	15.7134510014672	Head	80	Head
#000000	0.429188628322445	11.5422463124618	Head	80	Head
#000000	0.329670511642471	14.8587810939178	Head	80	Head
#0000FF	0.492238304917701	9.87550783022307	Tail	80	Tail
#000000	0.508477364308201	14.3493781911675	Head	80	Head
#0000FF	0.287183352736756	14.9384605021682	Tail	80	Tail
#FF0000	0.239610495269299	8.59179224334657	Stand	80	Stand
#0000FF	0.362957729715854	12.3389368312433	Tail	80	Tail
#0000FF	0.448001621630974	9.76626442982815	Tail	80	Tail
#000000	0.450760150086135	15.8958451168146	Head	80	Head
#000000	0.225571414446458	9.84690808523446	Head	80	Head
#000000	0.494245571773499	10.773409625981	Head	80	Head
#0000FF	0.310940158776939	13.7489796484355	Tail	80	Tail
#FF0000	0.271994468281046	11.1601373806596	Stand	80	Stand
#000000	0.459911499861628	14.4910243749153	Head	80	Head
#000000	0.422637603119947	9.39313502809964	Head	80	Head
#000000	0.323829484512098	14.3989587429445	Head	80	Head
#000000	0.348937883847393	14.1470437079668	Head	80	Head
#0000FF	0.254226533453912	15.0054516400676	Tail	80	Tail
#0000FF	0.308001287854277	14.6725838366896	Tail	80	Tail
#0000FF	0.0886149550694972	14.7146526134573	Tail	80	Tail
#0000FF	0.400541814034805	13.1596622859593	Tail	80	Tail
#FF0000	0.0774653053283691	14.9222718230449	Stand	80	Stand
#000000	0.16381146594882	12.9644438959192	Head	80	Head
#0000FF	0.499793324144557	11.2073162660003	Tail	80	Tail
#000000	0.337280595432967	15.5000076191965	Head	80	Head
#000000	0.424898494607769	13.0087041860912	Head	80	Head
#0000FF	0.111165250292979	8.88728319909423	Tail	80	Tail
#0000FF	0.453740587332286	11.5412940931972	Tail	80	Tail
#0000FF	0.239629023931921	12.4057538162451	Tail	80	Tail
#000000	0.129560211431235	12.0116586739197	Head	80	Head
#0000FF	0.0655364397587255	15.3886513052974	Tail	80	Tail
#000000	0.50372586235404	11.6769075221382	Head	80	Head
#000000	0.326139115486294	11.1667007556185	Head	80	Head
#FF0000	0.0265200321935117	11.3706753288861	Stand	80	Stand
#0000FF	0.2283898355579	12.5789901987649	Tail	80	Tail
#0000FF	0.503412398267537	12.6640625789762	Tail	80	Tail
#000000	0.062543587400578	9.74628288419917	Head	80	Head
#FF0000	0.303926341924816	10.7076225993223	Stand	80	Stand
#000000	0.386929165795445	14.3162729012314	Head	80	Head
#0000FF	0.135025108456612	10.7046526200138	Tail	80	Tail
#0000FF	0.175047053131275	8.7568667490501	Tail	80	Tail
#000000	0.149506858424284	14.1739448742475	Head	80	Head
#0000FF	0.284154794402421	14.7699618048966	Tail	80	Tail
#000000	0.450963066066615	11.1210486006923	Head	80	Head
#0000FF	0.131499434462748	13.5675662557129	Tail	80	Tail
#000000	0.342859223824926	13.0902555613779	Head	80	Head
#0000FF	0.373053858629428	15.7867367291823	Tail	80	Tail
#FF0000	0.317482275413349	12.144708814472	Stand	80	Stand
#000000	0.0693903800472617	15.9878055160865	Head	80	Head
#FF0000	0.0880201671877876	15.9957972571719	Stand	80	Stand
#000000	0.0618432977842167	8.45936055579223	Head	80	Head
#000000	0.176653641383164	10.7572617995553	Head	80	Head
#0000FF	0.0952670621825382	8.30943875964731	Tail	80	Tail
#0000FF	0.34779844478704	10.0928336371202	Tail	81	Tail
#FF0000	0.0685416352842003	9.79989732885733	Stand	81	Stand
#000000	0.208692259029485	10.2016717050225	Head	81	Head
#000000	0.440773080093786	14.6949438247364	Head	81	Head
#000000	0.265334628163837	10.5595846873242	Head	81	Head
#0000FF	0.0990119101386517	9.48402942894027	Tail	81	Tail
#0000FF	0.303940535746515	13.5480563766789	Tail	81	Tail
#0000FF	0.389876568564214	12.3958323495463	Tail	81	Tail
#0000FF	0.190799326626584	12.5983628784772	Tail	81	Tail
#000000	0.278191281007603	15.4228747115005	Head	81	Head
#0000FF	0.425445936843753	14.934783432493	Tail	81	Tail
#0000FF	0.184887986038812	10.5309668977745	Tail	81	Tail
#FF0000	0.0581427799677476	9.07889414248057	Stand	81	Stand
#000000	0.345456516593695	15.9600973333232	Head	81	Head
#0000FF	0.238288405342028	11.0702962529846	Tail	81	Tail
#000000	0.0742166383331642	11.1130732515361	Head	81	Head
#000000	0.248179284031503	13.4131513965316	Head	81	Head
#0000FF	0.290442175571807	9.23629068378359	Tail	81	Tail
#000000	0.334349135276862	13.0434483420569	Head	81	Head
#0000FF	0.106898436080664	10.8325091178063	Tail	81	Tail
#000000	0.0532122768834233	13.9375961172394	Head	81	Head
#000000	0.426064421762712	11.1037306327838	Head	81	Head
#000000	0.478246908974834	14.8886912561487	Head	81	Head
#0000FF	0.011337856752798	10.2213314069435	Tail	81	Tail
#0000FF	0.0558156196400523	8.34544474547729	Tail	81	Tail
#0000FF	0.259969361000694	11.9270619048271	Tail	81	Tail
#000000	0.255030010933988	15.7134510014672	Head	81	Head
#000000	0.429188628322445	11.5422463124618	Head	81	Head
#000000	0.329670511642471	14.8587810939178	Head	81	Head
#0000FF	0.492238304917701	9.87550783022307	Tail	81	Tail
#000000	0.508477364308201	14.3493781911675	Head	81	Head
#0000FF	0.287183352736756	14.9384605021682	Tail	81	Tail
#FF0000	0.239610495269299	8.59179224334657	Stand	81	Stand
#0000FF	0.362957729715854	12.3389368312433	Tail	81	Tail
#0000FF	0.448001621630974	9.76626442982815	Tail	81	Tail
#000000	0.450760150086135	15.8958451168146	Head	81	Head
#000000	0.225571414446458	9.84690808523446	Head	81	Head
#000000	0.494245571773499	10.773409625981	Head	81	Head
#0000FF	0.310940158776939	13.7489796484355	Tail	81	Tail
#FF0000	0.271994468281046	11.1601373806596	Stand	81	Stand
#000000	0.459911499861628	14.4910243749153	Head	81	Head
#000000	0.422637603119947	9.39313502809964	Head	81	Head
#000000	0.323829484512098	14.3989587429445	Head	81	Head
#000000	0.348937883847393	14.1470437079668	Head	81	Head
#0000FF	0.254226533453912	15.0054516400676	Tail	81	Tail
#0000FF	0.308001287854277	14.6725838366896	Tail	81	Tail
#0000FF	0.0886149550694972	14.7146526134573	Tail	81	Tail
#0000FF	0.400541814034805	13.1596622859593	Tail	81	Tail
#FF0000	0.0774653053283691	14.9222718230449	Stand	81	Stand
#000000	0.16381146594882	12.9644438959192	Head	81	Head
#0000FF	0.499793324144557	11.2073162660003	Tail	81	Tail
#000000	0.337280595432967	15.5000076191965	Head	81	Head
#000000	0.424898494607769	13.0087041860912	Head	81	Head
#0000FF	0.111165250292979	8.88728319909423	Tail	81	Tail
#0000FF	0.453740587332286	11.5412940931972	Tail	81	Tail
#0000FF	0.239629023931921	12.4057538162451	Tail	81	Tail
#000000	0.129560211431235	12.0116586739197	Head	81	Head
#0000FF	0.0655364397587255	15.3886513052974	Tail	81	Tail
#000000	0.50372586235404	11.6769075221382	Head	81	Head
#000000	0.326139115486294	11.1667007556185	Head	81	Head
#FF0000	0.0265200321935117	11.3706753288861	Stand	81	Stand
#0000FF	0.2283898355579	12.5789901987649	Tail	81	Tail
#0000FF	0.503412398267537	12.6640625789762	Tail	81	Tail
#000000	0.062543587400578	9.74628288419917	Head	81	Head
#FF0000	0.303926341924816	10.7076225993223	Stand	81	Stand
#000000	0.386929165795445	14.3162729012314	Head	81	Head
#0000FF	0.135025108456612	10.7046526200138	Tail	81	Tail
#0000FF	0.175047053131275	8.7568667490501	Tail	81	Tail
#000000	0.149506858424284	14.1739448742475	Head	81	Head
#0000FF	0.284154794402421	14.7699618048966	Tail	81	Tail
#000000	0.450963066066615	11.1210486006923	Head	81	Head
#0000FF	0.131499434462748	13.5675662557129	Tail	81	Tail
#000000	0.342859223824926	13.0902555613779	Head	81	Head
#0000FF	0.373053858629428	15.7867367291823	Tail	81	Tail
#FF0000	0.317482275413349	12.144708814472	Stand	81	Stand
#000000	0.0693903800472617	15.9878055160865	Head	81	Head
#FF0000	0.0880201671877876	15.9957972571719	Stand	81	Stand
#000000	0.0618432977842167	8.45936055579223	Head	81	Head
#000000	0.176653641383164	10.7572617995553	Head	81	Head
#0000FF	0.0952670621825382	8.30943875964731	Tail	81	Tail
#0000FF	0.496498085316271	9.70886004618369	Tail	81	Tail
#0000FF	0.34779844478704	10.0928336371202	Tail	82	Tail
#FF0000	0.0685416352842003	9.79989732885733	Stand	82	Stand
#000000	0.208692259029485	10.2016717050225	Head	82	Head
#000000	0.440773080093786	14.6949438247364	Head	82	Head
#000000	0.265334628163837	10.5595846873242	Head	82	Head
#0000FF	0.0990119101386517	9.48402942894027	Tail	82	Tail
#0000FF	0.303940535746515	13.5480563766789	Tail	82	Tail
#0000FF	0.389876568564214	12.3958323495463	Tail	82	Tail
#0000FF	0.190799326626584	12.5983628784772	Tail	82	Tail
#000000	0.278191281007603	15.4228747115005	Head	82	Head
#0000FF	0.425445936843753	14.934783432493	Tail	82	Tail
#0000FF	0.184887986038812	10.5309668977745	Tail	82	Tail
#FF0000	0.0581427799677476	9.07889414248057	Stand	82	Stand
#000000	0.345456516593695	15.9600973333232	Head	82	Head
#0000FF	0.238288405342028	11.0702962529846	Tail	82	Tail
#000000	0.0742166383331642	11.1130732515361	Head	82	Head
#000000	0.248179284031503	13.4131513965316	Head	82	Head
#0000FF	0.290442175571807	9.23629068378359	Tail	82	Tail
#000000	0.334349135276862	13.0434483420569	Head	82	Head
#0000FF	0.106898436080664	10.8325091178063	Tail	82	Tail
#000000	0.0532122768834233	13.9375961172394	Head	82	Head
#000000	0.426064421762712	11.1037306327838	Head	82	Head
#000000	0.478246908974834	14.8886912561487	Head	82	Head
#0000FF	0.011337856752798	10.2213314069435	Tail	82	Tail
#0000FF	0.0558156196400523	8.34544474547729	Tail	82	Tail
#0000FF	0.259969361000694	11.9270619048271	Tail	82	Tail
#000000	0.255030010933988	15.7134510014672	Head	82	Head
#000000	0.429188628322445	11.5422463124618	Head	82	Head
#000000	0.329670511642471	14.8587810939178	Head	82	Head
#0000FF	0.492238304917701	9.87550783022307	Tail	82	Tail
#000000	0.508477364308201	14.3493781911675	Head	82	Head
#0000FF	0.287183352736756	14.9384605021682	Tail	82	Tail
#FF0000	0.239610495269299	8.59179224334657	Stand	82	Stand
#0000FF	0.362957729715854	12.3389368312433	Tail	82	Tail
#0000FF	0.448001621630974	9.76626442982815	Tail	82	Tail
#000000	0.450760150086135	15.8958451168146	Head	82	Head
#000000	0.225571414446458	9.84690808523446	Head	82	Head
#000000	0.494245571773499	10.773409625981	Head	82	Head
#0000FF	0.310940158776939	13.7489796484355	Tail	82	Tail
#FF0000	0.271994468281046	11.1601373806596	Stand	82	Stand
#000000	0.459911499861628	14.4910243749153	Head	82	Head
#000000	0.422637603119947	9.39313502809964	Head	82	Head
#000000	0.323829484512098	14.3989587429445	Head	82	Head
#000000	0.348937883847393	14.1470437079668	Head	82	Head
#0000FF	0.254226533453912	15.0054516400676	Tail	82	Tail
#0000FF	0.308001287854277	14.6725838366896	Tail	82	Tail
#0000FF	0.0886149550694972	14.7146526134573	Tail	82	Tail
#0000FF	0.400541814034805	13.1596622859593	Tail	82	Tail
#FF0000	0.0774653053283691	14.9222718230449	Stand	82	Stand
#000000	0.16381146594882	12.9644438959192	Head	82	Head
#0000FF	0.499793324144557	11.2073162660003	Tail	82	Tail
#000000	0.337280595432967	15.5000076191965	Head	82	Head
#000000	0.424898494607769	13.0087041860912	Head	82	Head
#0000FF	0.111165250292979	8.88728319909423	Tail	82	Tail
#0000FF	0.453740587332286	11.5412940931972	Tail	82	Tail
#0000FF	0.239629023931921	12.4057538162451	Tail	82	Tail
#000000	0.129560211431235	12.0116586739197	Head	82	Head
#0000FF	0.0655364397587255	15.3886513052974	Tail	82	Tail
#000000	0.50372586235404	11.6769075221382	Head	82	Head
#000000	0.326139115486294	11.1667007556185	Head	82	Head
#FF0000	0.0265200321935117	11.3706753288861	Stand	82	Stand
#0000FF	0.2283898355579	12.5789901987649	Tail	82	Tail
#0000FF	0.503412398267537	12.6640625789762	Tail	82	Tail
#000000	0.062543587400578	9.74628288419917	Head	82	Head
#FF0000	0.303926341924816	10.7076225993223	Stand	82	Stand
#000000	0.386929165795445	14.3162729012314	Head	82	Head
#0000FF	0.135025108456612	10.7046526200138	Tail	82	Tail
#0000FF	0.175047053131275	8.7568667490501	Tail	82	Tail
#000000	0.149506858424284	14.1739448742475	Head	82	Head
#0000FF	0.284154794402421	14.7699618048966	Tail	82	Tail
#000000	0.450963066066615	11.1210486006923	Head	82	Head
#0000FF	0.131499434462748	13.5675662557129	Tail	82	Tail
#000000	0.342859223824926	13.0902555613779	Head	82	Head
#0000FF	0.373053858629428	15.7867367291823	Tail	82	Tail
#FF0000	0.317482275413349	12.144708814472	Stand	82	Stand
#000000	0.0693903800472617	15.9878055160865	Head	82	Head
#FF0000	0.0880201671877876	15.9957972571719	Stand	82	Stand
#000000	0.0618432977842167	8.45936055579223	Head	82	Head
#000000	0.176653641383164	10.7572617995553	Head	82	Head
#0000FF	0.0952670621825382	8.30943875964731	Tail	82	Tail
#0000FF	0.496498085316271	9.70886004618369	Tail	82	Tail
#000000	0.13890673824586	9.68621139419265	Head	82	Head
#0000FF	0.34779844478704	10.0928336371202	Tail	83	Tail
#FF0000	0.0685416352842003	9.79989732885733	Stand	83	Stand
#000000	0.208692259029485	10.2016717050225	Head	83	Head
#000000	0.440773080093786	14.6949438247364	Head	83	Head
#000000	0.265334628163837	10.5595846873242	Head	83	Head
#0000FF	0.0990119101386517	9.48402942894027	Tail	83	Tail
#0000FF	0.303940535746515	13.5480563766789	Tail	83	Tail
#0000FF	0.389876568564214	12.3958323495463	Tail	83	Tail
#0000FF	0.190799326626584	12.5983628784772	Tail	83	Tail
#000000	0.278191281007603	15.4228747115005	Head	83	Head
#0000FF	0.425445936843753	14.934783432493	Tail	83	Tail
#0000FF	0.184887986038812	10.5309668977745	Tail	83	Tail
#FF0000	0.0581427799677476	9.07889414248057	Stand	83	Stand
#000000	0.345456516593695	15.9600973333232	Head	83	Head
#0000FF	0.238288405342028	11.0702962529846	Tail	83	Tail
#000000	0.0742166383331642	11.1130732515361	Head	83	Head
#000000	0.248179284031503	13.4131513965316	Head	83	Head
#0000FF	0.290442175571807	9.23629068378359	Tail	83	Tail
#000000	0.334349135276862	13.0434483420569	Head	83	Head
#0000FF	0.106898436080664	10.8325091178063	Tail	83	Tail
#000000	0.0532122768834233	13.9375961172394	Head	83	Head
#000000	0.426064421762712	11.1037306327838	Head	83	Head
#000000	0.478246908974834	14.8886912561487	Head	83	Head
#0000FF	0.011337856752798	10.2213314069435	Tail	83	Tail
#0000FF	0.0558156196400523	8.34544474547729	Tail	83	Tail
#0000FF	0.259969361000694	11.9270619048271	Tail	83	Tail
#000000	0.255030010933988	15.7134510014672	Head	83	Head
#000000	0.429188628322445	11.5422463124618	Head	83	Head
#000000	0.329670511642471	14.8587810939178	Head	83	Head
#0000FF	0.492238304917701	9.87550783022307	Tail	83	Tail
#000000	0.508477364308201	14.3493781911675	Head	83	Head
#0000FF	0.287183352736756	14.9384605021682	Tail	83	Tail
#FF0000	0.239610495269299	8.59179224334657	Stand	83	Stand
#0000FF	0.362957729715854	12.3389368312433	Tail	83	Tail
#0000FF	0.448001621630974	9.76626442982815	Tail	83	Tail
#000000	0.450760150086135	15.8958451168146	Head	83	Head
#000000	0.225571414446458	9.84690808523446	Head	83	Head
#000000	0.494245571773499	10.773409625981	Head	83	Head
#0000FF	0.310940158776939	13.7489796484355	Tail	83	Tail
#FF0000	0.271994468281046	11.1601373806596	Stand	83	Stand
#000000	0.459911499861628	14.4910243749153	Head	83	Head
#000000	0.422637603119947	9.39313502809964	Head	83	Head
#000000	0.323829484512098	14.3989587429445	Head	83	Head
#000000	0.348937883847393	14.1470437079668	Head	83	Head
#0000FF	0.254226533453912	15.0054516400676	Tail	83	Tail
#0000FF	0.308001287854277	14.6725838366896	Tail	83	Tail
#0000FF	0.0886149550694972	14.7146526134573	Tail	83	Tail
#0000FF	0.400541814034805	13.1596622859593	Tail	83	Tail
#FF0000	0.0774653053283691	14.9222718230449	Stand	83	Stand
#000000	0.16381146594882	12.9644438959192	Head	83	Head
#0000FF	0.499793324144557	11.2073162660003	Tail	83	Tail
#000000	0.337280595432967	15.5000076191965	Head	83	Head
#000000	0.424898494607769	13.0087041860912	Head	83	Head
#0000FF	0.111165250292979	8.88728319909423	Tail	83	Tail
#0000FF	0.453740587332286	11.5412940931972	Tail	83	Tail
#0000FF	0.239629023931921	12.4057538162451	Tail	83	Tail
#000000	0.129560211431235	12.0116586739197	Head	83	Head
#0000FF	0.0655364397587255	15.3886513052974	Tail	83	Tail
#000000	0.50372586235404	11.6769075221382	Head	83	Head
#000000	0.326139115486294	11.1667007556185	Head	83	Head
#FF0000	0.0265200321935117	11.3706753288861	Stand	83	Stand
#0000FF	0.2283898355579	12.5789901987649	Tail	83	Tail
#0000FF	0.503412398267537	12.6640625789762	Tail	83	Tail
#000000	0.062543587400578	9.74628288419917	Head	83	Head
#FF0000	0.303926341924816	10.7076225993223	Stand	83	Stand
#000000	0.386929165795445	14.3162729012314	Head	83	Head
#0000FF	0.135025108456612	10.7046526200138	Tail	83	Tail
#0000FF	0.175047053131275	8.7568667490501	Tail	83	Tail
#000000	0.149506858424284	14.1739448742475	Head	83	Head
#0000FF	0.284154794402421	14.7699618048966	Tail	83	Tail
#000000	0.450963066066615	11.1210486006923	Head	83	Head
#0000FF	0.131499434462748	13.5675662557129	Tail	83	Tail
#000000	0.342859223824926	13.0902555613779	Head	83	Head
#0000FF	0.373053858629428	15.7867367291823	Tail	83	Tail
#FF0000	0.317482275413349	12.144708814472	Stand	83	Stand
#000000	0.0693903800472617	15.9878055160865	Head	83	Head
#FF0000	0.0880201671877876	15.9957972571719	Stand	83	Stand
#000000	0.0618432977842167	8.45936055579223	Head	83	Head
#000000	0.176653641383164	10.7572617995553	Head	83	Head
#0000FF	0.0952670621825382	8.30943875964731	Tail	83	Tail
#0000FF	0.496498085316271	9.70886004618369	Tail	83	Tail
#000000	0.13890673824586	9.68621139419265	Head	83	Head
#000000	0.416131206196733	13.817061830312	Head	83	Head
#0000FF	0.34779844478704	10.0928336371202	Tail	84	Tail
#FF0000	0.0685416352842003	9.79989732885733	Stand	84	Stand
#000000	0.208692259029485	10.2016717050225	Head	84	Head
#000000	0.440773080093786	14.6949438247364	Head	84	Head
#000000	0.265334628163837	10.5595846873242	Head	84	Head
#0000FF	0.0990119101386517	9.48402942894027	Tail	84	Tail
#0000FF	0.303940535746515	13.5480563766789	Tail	84	Tail
#0000FF	0.389876568564214	12.3958323495463	Tail	84	Tail
#0000FF	0.190799326626584	12.5983628784772	Tail	84	Tail
#000000	0.278191281007603	15.4228747115005	Head	84	Head
#0000FF	0.425445936843753	14.934783432493	Tail	84	Tail
#0000FF	0.184887986038812	10.5309668977745	Tail	84	Tail
#FF0000	0.0581427799677476	9.07889414248057	Stand	84	Stand
#000000	0.345456516593695	15.9600973333232	Head	84	Head
#0000FF	0.238288405342028	11.0702962529846	Tail	84	Tail
#000000	0.0742166383331642	11.1130732515361	Head	84	Head
#000000	0.248179284031503	13.4131513965316	Head	84	Head
#0000FF	0.290442175571807	9.23629068378359	Tail	84	Tail
#000000	0.334349135276862	13.0434483420569	Head	84	Head
#0000FF	0.106898436080664	10.8325091178063	Tail	84	Tail
#000000	0.0532122768834233	13.9375961172394	Head	84	Head
#000000	0.426064421762712	11.1037306327838	Head	84	Head
#000000	0.478246908974834	14.8886912561487	Head	84	Head
#0000FF	0.011337856752798	10.2213314069435	Tail	84	Tail
#0000FF	0.0558156196400523	8.34544474547729	Tail	84	Tail
#0000FF	0.259969361000694	11.9270619048271	Tail	84	Tail
#000000	0.255030010933988	15.7134510014672	Head	84	Head
#000000	0.429188628322445	11.5422463124618	Head	84	Head
#000000	0.329670511642471	14.8587810939178	Head	84	Head
#0000FF	0.492238304917701	9.87550783022307	Tail	84	Tail
#000000	0.508477364308201	14.3493781911675	Head	84	Head
#0000FF	0.287183352736756	14.9384605021682	Tail	84	Tail
#FF0000	0.239610495269299	8.59179224334657	Stand	84	Stand
#0000FF	0.362957729715854	12.3389368312433	Tail	84	Tail
#0000FF	0.448001621630974	9.76626442982815	Tail	84	Tail
#000000	0.450760150086135	15.8958451168146	Head	84	Head
#000000	0.225571414446458	9.84690808523446	Head	84	Head
#000000	0.494245571773499	10.773409625981	Head	84	Head
#0000FF	0.310940158776939	13.7489796484355	Tail	84	Tail
#FF0000	0.271994468281046	11.1601373806596	Stand	84	Stand
#000000	0.459911499861628	14.4910243749153	Head	84	Head
#000000	0.422637603119947	9.39313502809964	Head	84	Head
#000000	0.323829484512098	14.3989587429445	Head	84	Head
#000000	0.348937883847393	14.1470437079668	Head	84	Head
#0000FF	0.254226533453912	15.0054516400676	Tail	84	Tail
#0000FF	0.308001287854277	14.6725838366896	Tail	84	Tail
#0000FF	0.0886149550694972	14.7146526134573	Tail	84	Tail
#0000FF	0.400541814034805	13.1596622859593	Tail	84	Tail
#FF0000	0.0774653053283691	14.9222718230449	Stand	84	Stand
#000000	0.16381146594882	12.9644438959192	Head	84	Head
#0000FF	0.499793324144557	11.2073162660003	Tail	84	Tail
#000000	0.337280595432967	15.5000076191965	Head	84	Head
#000000	0.424898494607769	13.0087041860912	Head	84	Head
#0000FF	0.111165250292979	8.88728319909423	Tail	84	Tail
#0000FF	0.453740587332286	11.5412940931972	Tail	84	Tail
#0000FF	0.239629023931921	12.4057538162451	Tail	84	Tail
#000000	0.129560211431235	12.0116586739197	Head	84	Head
#0000FF	0.0655364397587255	15.3886513052974	Tail	84	Tail
#000000	0.50372586235404	11.6769075221382	Head	84	Head
#000000	0.326139115486294	11.1667007556185	Head	84	Head
#FF0000	0.0265200321935117	11.3706753288861	Stand	84	Stand
#0000FF	0.2283898355579	12.5789901987649	Tail	84	Tail
#0000FF	0.503412398267537	12.6640625789762	Tail	84	Tail
#000000	0.062543587400578	9.74628288419917	Head	84	Head
#FF0000	0.303926341924816	10.7076225993223	Stand	84	Stand
#000000	0.386929165795445	14.3162729012314	Head	84	Head
#0000FF	0.135025108456612	10.7046526200138	Tail	84	Tail
#0000FF	0.175047053131275	8.7568667490501	Tail	84	Tail
#000000	0.149506858424284	14.1739448742475	Head	84	Head
#0000FF	0.284154794402421	14.7699618048966	Tail	84	Tail
#000000	0.450963066066615	11.1210486006923	Head	84	Head
#0000FF	0.131499434462748	13.5675662557129	Tail	84	Tail
#000000	0.342859223824926	13.0902555613779	Head	84	Head
#0000FF	0.373053858629428	15.7867367291823	Tail	84	Tail
#FF0000	0.317482275413349	12.144708814472	Stand	84	Stand
#000000	0.0693903800472617	15.9878055160865	Head	84	Head
#FF0000	0.0880201671877876	15.9957972571719	Stand	84	Stand
#000000	0.0618432977842167	8.45936055579223	Head	84	Head
#000000	0.176653641383164	10.7572617995553	Head	84	Head
#0000FF	0.0952670621825382	8.30943875964731	Tail	84	Tail
#0000FF	0.496498085316271	9.70886004618369	Tail	84	Tail
#000000	0.13890673824586	9.68621139419265	Head	84	Head
#000000	0.416131206196733	13.817061830312	Head	84	Head
#000000	0.443835332398303	11.5872848978266	Head	84	Head
#0000FF	0.34779844478704	10.0928336371202	Tail	85	Tail
#FF0000	0.0685416352842003	9.79989732885733	Stand	85	Stand
#000000	0.208692259029485	10.2016717050225	Head	85	Head
#000000	0.440773080093786	14.6949438247364	Head	85	Head
#000000	0.265334628163837	10.5595846873242	Head	85	Head
#0000FF	0.0990119101386517	9.48402942894027	Tail	85	Tail
#0000FF	0.303940535746515	13.5480563766789	Tail	85	Tail
#0000FF	0.389876568564214	12.3958323495463	Tail	85	Tail
#0000FF	0.190799326626584	12.5983628784772	Tail	85	Tail
#000000	0.278191281007603	15.4228747115005	Head	85	Head
#0000FF	0.425445936843753	14.934783432493	Tail	85	Tail
#0000FF	0.184887986038812	10.5309668977745	Tail	85	Tail
#FF0000	0.0581427799677476	9.07889414248057	Stand	85	Stand
#000000	0.345456516593695	15.9600973333232	Head	85	Head
#0000FF	0.238288405342028	11.0702962529846	Tail	85	Tail
#000000	0.0742166383331642	11.1130732515361	Head	85	Head
#000000	0.248179284031503	13.4131513965316	Head	85	Head
#0000FF	0.290442175571807	9.23629068378359	Tail	85	Tail
#000000	0.334349135276862	13.0434483420569	Head	85	Head
#0000FF	0.106898436080664	10.8325091178063	Tail	85	Tail
#000000	0.0532122768834233	13.9375961172394	Head	85	Head
#000000	0.426064421762712	11.1037306327838	Head	85	Head
#000000	0.478246908974834	14.8886912561487	Head	85	Head
#0000FF	0.011337856752798	10.2213314069435	Tail	85	Tail
#0000FF	0.0558156196400523	8.34544474547729	Tail	85	Tail
#0000FF	0.259969361000694	11.9270619048271	Tail	85	Tail
#000000	0.255030010933988	15.7134510014672	Head	85	Head
#000000	0.429188628322445	11.5422463124618	Head	85	Head
#000000	0.329670511642471	14.8587810939178	Head	85	Head
#0000FF	0.492238304917701	9.87550783022307	Tail	85	Tail
#000000	0.508477364308201	14.3493781911675	Head	85	Head
#0000FF	0.287183352736756	14.9384605021682	Tail	85	Tail
#FF0000	0.239610495269299	8.59179224334657	Stand	85	Stand
#0000FF	0.362957729715854	12.3389368312433	Tail	85	Tail
#0000FF	0.448001621630974	9.76626442982815	Tail	85	Tail
#000000	0.450760150086135	15.8958451168146	Head	85	Head
#000000	0.225571414446458	9.84690808523446	Head	85	Head
#000000	0.494245571773499	10.773409625981	Head	85	Head
#0000FF	0.310940158776939	13.7489796484355	Tail	85	Tail
#FF0000	0.271994468281046	11.1601373806596	Stand	85	Stand
#000000	0.459911499861628	14.4910243749153	Head	85	Head
#000000	0.422637603119947	9.39313502809964	Head	85	Head
#000000	0.323829484512098	14.3989587429445	Head	85	Head
#000000	0.348937883847393	14.1470437079668	Head	85	Head
#0000FF	0.254226533453912	15.0054516400676	Tail	85	Tail
#0000FF	0.308001287854277	14.6725838366896	Tail	85	Tail
#0000FF	0.0886149550694972	14.7146526134573	Tail	85	Tail
#0000FF	0.400541814034805	13.1596622859593	Tail	85	Tail
#FF0000	0.0774653053283691	14.9222718230449	Stand	85	Stand
#000000	0.16381146594882	12.9644438959192	Head	85	Head
#0000FF	0.499793324144557	11.2073162660003	Tail	85	Tail
#000000	0.337280595432967	15.5000076191965	Head	85	Head
#000000	0.424898494607769	13.0087041860912	Head	85	Head
#0000FF	0.111165250292979	8.88728319909423	Tail	85	Tail
#0000FF	0.453740587332286	11.5412940931972	Tail	85	Tail
#0000FF	0.239629023931921	12.4057538162451	Tail	85	Tail
#000000	0.129560211431235	12.0116586739197	Head	85	Head
#0000FF	0.0655364397587255	15.3886513052974	Tail	85	Tail
#000000	0.50372586235404	11.6769075221382	Head	85	Head
#000000	0.326139115486294	11.1667007556185	Head	85	Head
#FF0000	0.0265200321935117	11.3706753288861	Stand	85	Stand
#0000FF	0.2283898355579	12.5789901987649	Tail	85	Tail
#0000FF	0.503412398267537	12.6640625789762	Tail	85	Tail
#000000	0.062543587400578	9.74628288419917	Head	85	Head
#FF0000	0.303926341924816	10.7076225993223	Stand	85	Stand
#000000	0.386929165795445	14.3162729012314	Head	85	Head
#0000FF	0.135025108456612	10.7046526200138	Tail	85	Tail
#0000FF	0.175047053131275	8.7568667490501	Tail	85	Tail
#000000	0.149506858424284	14.1739448742475	Head	85	Head
#0000FF	0.284154794402421	14.7699618048966	Tail	85	Tail
#000000	0.450963066066615	11.1210486006923	Head	85	Head
#0000FF	0.131499434462748	13.5675662557129	Tail	85	Tail
#000000	0.342859223824926	13.0902555613779	Head	85	Head
#0000FF	0.373053858629428	15.7867367291823	Tail	85	Tail
#FF0000	0.317482275413349	12.144708814472	Stand	85	Stand
#000000	0.0693903800472617	15.9878055160865	Head	85	Head
#FF0000	0.0880201671877876	15.9957972571719	Stand	85	Stand
#000000	0.0618432977842167	8.45936055579223	Head	85	Head
#000000	0.176653641383164	10.7572617995553	Head	85	Head
#0000FF	0.0952670621825382	8.30943875964731	Tail	85	Tail
#0000FF	0.496498085316271	9.70886004618369	Tail	85	Tail
#000000	0.13890673824586	9.68621139419265	Head	85	Head
#000000	0.416131206196733	13.817061830312	Head	85	Head
#000000	0.443835332398303	11.5872848978266	Head	85	Head
#FF0000	0.165002604122274	14.4231322892942	Stand	85	Stand
#0000FF	0.34779844478704	10.0928336371202	Tail	86	Tail
#FF0000	0.0685416352842003	9.79989732885733	Stand	86	Stand
#000000	0.208692259029485	10.2016717050225	Head	86	Head
#000000	0.440773080093786	14.6949438247364	Head	86	Head
#000000	0.265334628163837	10.5595846873242	Head	86	Head
#0000FF	0.0990119101386517	9.48402942894027	Tail	86	Tail
#0000FF	0.303940535746515	13.5480563766789	Tail	86	Tail
#0000FF	0.389876568564214	12.3958323495463	Tail	86	Tail
#0000FF	0.190799326626584	12.5983628784772	Tail	86	Tail
#000000	0.278191281007603	15.4228747115005	Head	86	Head
#0000FF	0.425445936843753	14.934783432493	Tail	86	Tail
#0000FF	0.184887986038812	10.5309668977745	Tail	86	Tail
#FF0000	0.0581427799677476	9.07889414248057	Stand	86	Stand
#000000	0.345456516593695	15.9600973333232	Head	86	Head
#0000FF	0.238288405342028	11.0702962529846	Tail	86	Tail
#000000	0.0742166383331642	11.1130732515361	Head	86	Head
#000000	0.248179284031503	13.4131513965316	Head	86	Head
#0000FF	0.290442175571807	9.23629068378359	Tail	86	Tail
#000000	0.334349135276862	13.0434483420569	Head	86	Head
#0000FF	0.106898436080664	10.8325091178063	Tail	86	Tail
#000000	0.0532122768834233	13.9375961172394	Head	86	Head
#000000	0.426064421762712	11.1037306327838	Head	86	Head
#000000	0.478246908974834	14.8886912561487	Head	86	Head
#0000FF	0.011337856752798	10.2213314069435	Tail	86	Tail
#0000FF	0.0558156196400523	8.34544474547729	Tail	86	Tail
#0000FF	0.259969361000694	11.9270619048271	Tail	86	Tail
#000000	0.255030010933988	15.7134510014672	Head	86	Head
#000000	0.429188628322445	11.5422463124618	Head	86	Head
#000000	0.329670511642471	14.8587810939178	Head	86	Head
#0000FF	0.492238304917701	9.87550783022307	Tail	86	Tail
#000000	0.508477364308201	14.3493781911675	Head	86	Head
#0000FF	0.287183352736756	14.9384605021682	Tail	86	Tail
#FF0000	0.239610495269299	8.59179224334657	Stand	86	Stand
#0000FF	0.362957729715854	12.3389368312433	Tail	86	Tail
#0000FF	0.448001621630974	9.76626442982815	Tail	86	Tail
#000000	0.450760150086135	15.8958451168146	Head	86	Head
#000000	0.225571414446458	9.84690808523446	Head	86	Head
#000000	0.494245571773499	10.773409625981	Head	86	Head
#0000FF	0.310940158776939	13.7489796484355	Tail	86	Tail
#FF0000	0.271994468281046	11.1601373806596	Stand	86	Stand
#000000	0.459911499861628	14.4910243749153	Head	86	Head
#000000	0.422637603119947	9.39313502809964	Head	86	Head
#000000	0.323829484512098	14.3989587429445	Head	86	Head
#000000	0.348937883847393	14.1470437079668	Head	86	Head
#0000FF	0.254226533453912	15.0054516400676	Tail	86	Tail
#0000FF	0.308001287854277	14.6725838366896	Tail	86	Tail
#0000FF	0.0886149550694972	14.7146526134573	Tail	86	Tail
#0000FF	0.400541814034805	13.1596622859593	Tail	86	Tail
#FF0000	0.0774653053283691	14.9222718230449	Stand	86	Stand
#000000	0.16381146594882	12.9644438959192	Head	86	Head
#0000FF	0.499793324144557	11.2073162660003	Tail	86	Tail
#000000	0.337280595432967	15.5000076191965	Head	86	Head
#000000	0.424898494607769	13.0087041860912	Head	86	Head
#0000FF	0.111165250292979	8.88728319909423	Tail	86	Tail
#0000FF	0.453740587332286	11.5412940931972	Tail	86	Tail
#0000FF	0.239629023931921	12.4057538162451	Tail	86	Tail
#000000	0.129560211431235	12.0116586739197	Head	86	Head
#0000FF	0.0655364397587255	15.3886513052974	Tail	86	Tail
#000000	0.50372586235404	11.6769075221382	Head	86	Head
#000000	0.326139115486294	11.1667007556185	Head	86	Head
#FF0000	0.0265200321935117	11.3706753288861	Stand	86	Stand
#0000FF	0.2283898355579	12.5789901987649	Tail	86	Tail
#0000FF	0.503412398267537	12.6640625789762	Tail	86	Tail
#000000	0.062543587400578	9.74628288419917	Head	86	Head
#FF0000	0.303926341924816	10.7076225993223	Stand	86	Stand
#000000	0.386929165795445	14.3162729012314	Head	86	Head
#0000FF	0.135025108456612	10.7046526200138	Tail	86	Tail
#0000FF	0.175047053131275	8.7568667490501	Tail	86	Tail
#000000	0.149506858424284	14.1739448742475	Head	86	Head
#0000FF	0.284154794402421	14.7699618048966	Tail	86	Tail
#000000	0.450963066066615	11.1210486006923	Head	86	Head
#0000FF	0.131499434462748	13.5675662557129	Tail	86	Tail
#000000	0.342859223824926	13.0902555613779	Head	86	Head
#0000FF	0.373053858629428	15.7867367291823	Tail	86	Tail
#FF0000	0.317482275413349	12.144708814472	Stand	86	Stand
#000000	0.0693903800472617	15.9878055160865	Head	86	Head
#FF0000	0.0880201671877876	15.9957972571719	Stand	86	Stand
#000000	0.0618432977842167	8.45936055579223	Head	86	Head
#000000	0.176653641383164	10.7572617995553	Head	86	Head
#0000FF	0.0952670621825382	8.30943875964731	Tail	86	Tail
#0000FF	0.496498085316271	9.70886004618369	Tail	86	Tail
#000000	0.13890673824586	9.68621139419265	Head	86	Head
#000000	0.416131206196733	13.817061830312	Head	86	Head
#000000	0.443835332398303	11.5872848978266	Head	86	Head
#FF0000	0.165002604122274	14.4231322892942	Stand	86	Stand
#0000FF	0.360561110419221	15.495473322086	Tail	86	Tail
#0000FF	0.34779844478704	10.0928336371202	Tail	87	Tail
#FF0000	0.0685416352842003	9.79989732885733	Stand	87	Stand
#000000	0.208692259029485	10.2016717050225	Head	87	Head
#000000	0.440773080093786	14.6949438247364	Head	87	Head
#000000	0.265334628163837	10.5595846873242	Head	87	Head
#0000FF	0.0990119101386517	9.48402942894027	Tail	87	Tail
#0000FF	0.303940535746515	13.5480563766789	Tail	87	Tail
#0000FF	0.389876568564214	12.3958323495463	Tail	87	Tail
#0000FF	0.190799326626584	12.5983628784772	Tail	87	Tail
#000000	0.278191281007603	15.4228747115005	Head	87	Head
#0000FF	0.425445936843753	14.934783432493	Tail	87	Tail
#0000FF	0.184887986038812	10.5309668977745	Tail	87	Tail
#FF0000	0.0581427799677476	9.07889414248057	Stand	87	Stand
#000000	0.345456516593695	15.9600973333232	Head	87	Head
#0000FF	0.238288405342028	11.0702962529846	Tail	87	Tail
#000000	0.0742166383331642	11.1130732515361	Head	87	Head
#000000	0.248179284031503	13.4131513965316	Head	87	Head
#0000FF	0.290442175571807	9.23629068378359	Tail	87	Tail
#000000	0.334349135276862	13.0434483420569	Head	87	Head
#0000FF	0.106898436080664	10.8325091178063	Tail	87	Tail
#000000	0.0532122768834233	13.9375961172394	Head	87	Head
#000000	0.426064421762712	11.1037306327838	Head	87	Head
#000000	0.478246908974834	14.8886912561487	Head	87	Head
#0000FF	0.011337856752798	10.2213314069435	Tail	87	Tail
#0000FF	0.0558156196400523	8.34544474547729	Tail	87	Tail
#0000FF	0.259969361000694	11.9270619048271	Tail	87	Tail
#000000	0.255030010933988	15.7134510014672	Head	87	Head
#000000	0.429188628322445	11.5422463124618	Head	87	Head
#000000	0.329670511642471	14.8587810939178	Head	87	Head
#0000FF	0.492238304917701	9.87550783022307	Tail	87	Tail
#000000	0.508477364308201	14.3493781911675	Head	87	Head
#0000FF	0.287183352736756	14.9384605021682	Tail	87	Tail
#FF0000	0.239610495269299	8.59179224334657	Stand	87	Stand
#0000FF	0.362957729715854	12.3389368312433	Tail	87	Tail
#0000FF	0.448001621630974	9.76626442982815	Tail	87	Tail
#000000	0.450760150086135	15.8958451168146	Head	87	Head
#000000	0.225571414446458	9.84690808523446	Head	87	Head
#000000	0.494245571773499	10.773409625981	Head	87	Head
#0000FF	0.310940158776939	13.7489796484355	Tail	87	Tail
#FF0000	0.271994468281046	11.1601373806596	Stand	87	Stand
#000000	0.459911499861628	14.4910243749153	Head	87	Head
#000000	0.422637603119947	9.39313502809964	Head	87	Head
#000000	0.323829484512098	14.3989587429445	Head	87	Head
#000000	0.348937883847393	14.1470437079668	Head	87	Head
#0000FF	0.254226533453912	15.0054516400676	Tail	87	Tail
#0000FF	0.308001287854277	14.6725838366896	Tail	87	Tail
#0000FF	0.0886149550694972	14.7146526134573	Tail	87	Tail
#0000FF	0.400541814034805	13.1596622859593	Tail	87	Tail
#FF0000	0.0774653053283691	14.9222718230449	Stand	87	Stand
#000000	0.16381146594882	12.9644438959192	Head	87	Head
#0000FF	0.499793324144557	11.2073162660003	Tail	87	Tail
#000000	0.337280595432967	15.5000076191965	Head	87	Head
#000000	0.424898494607769	13.0087041860912	Head	87	Head
#0000FF	0.111165250292979	8.88728319909423	Tail	87	Tail
#0000FF	0.453740587332286	11.5412940931972	Tail	87	Tail
#0000FF	0.239629023931921	12.4057538162451	Tail	87	Tail
#000000	0.129560211431235	12.0116586739197	Head	87	Head
#0000FF	0.0655364397587255	15.3886513052974	Tail	87	Tail
#000000	0.50372586235404	11.6769075221382	Head	87	Head
#000000	0.326139115486294	11.1667007556185	Head	87	Head
#FF0000	0.0265200321935117	11.3706753288861	Stand	87	Stand
#0000FF	0.2283898355579	12.5789901987649	Tail	87	Tail
#0000FF	0.503412398267537	12.6640625789762	Tail	87	Tail
#000000	0.062543587400578	9.74628288419917	Head	87	Head
#FF0000	0.303926341924816	10.7076225993223	Stand	87	Stand
#000000	0.386929165795445	14.3162729012314	Head	87	Head
#0000FF	0.135025108456612	10.7046526200138	Tail	87	Tail
#0000FF	0.175047053131275	8.7568667490501	Tail	87	Tail
#000000	0.149506858424284	14.1739448742475	Head	87	Head
#0000FF	0.284154794402421	14.7699618048966	Tail	87	Tail
#000000	0.450963066066615	11.1210486006923	Head	87	Head
#0000FF	0.131499434462748	13.5675662557129	Tail	87	Tail
#000000	0.342859223824926	13.0902555613779	Head	87	Head
#0000FF	0.373053858629428	15.7867367291823	Tail	87	Tail
#FF0000	0.317482275413349	12.144708814472	Stand	87	Stand
#000000	0.0693903800472617	15.9878055160865	Head	87	Head
#FF0000	0.0880201671877876	15.9957972571719	Stand	87	Stand
#000000	0.0618432977842167	8.45936055579223	Head	87	Head
#000000	0.176653641383164	10.7572617995553	Head	87	Head
#0000FF	0.0952670621825382	8.30943875964731	Tail	87	Tail
#0000FF	0.496498085316271	9.70886004618369	Tail	87	Tail
#000000	0.13890673824586	9.68621139419265	Head	87	Head
#000000	0.416131206196733	13.817061830312	Head	87	Head
#000000	0.443835332398303	11.5872848978266	Head	87	Head
#FF0000	0.165002604122274	14.4231322892942	Stand	87	Stand
#0000FF	0.360561110419221	15.495473322086	Tail	87	Tail
#000000	0.252093024076894	10.8849156447221	Head	87	Head
#0000FF	0.34779844478704	10.0928336371202	Tail	88	Tail
#FF0000	0.0685416352842003	9.79989732885733	Stand	88	Stand
#000000	0.208692259029485	10.2016717050225	Head	88	Head
#000000	0.440773080093786	14.6949438247364	Head	88	Head
#000000	0.265334628163837	10.5595846873242	Head	88	Head
#0000FF	0.0990119101386517	9.48402942894027	Tail	88	Tail
#0000FF	0.303940535746515	13.5480563766789	Tail	88	Tail
#0000FF	0.389876568564214	12.3958323495463	Tail	88	Tail
#0000FF	0.190799326626584	12.5983628784772	Tail	88	Tail
#000000	0.278191281007603	15.4228747115005	Head	88	Head
#0000FF	0.425445936843753	14.934783432493	Tail	88	Tail
#0000FF	0.184887986038812	10.5309668977745	Tail	88	Tail
#FF0000	0.0581427799677476	9.07889414248057	Stand	88	Stand
#000000	0.345456516593695	15.9600973333232	Head	88	Head
#0000FF	0.238288405342028	11.0702962529846	Tail	88	Tail
#000000	0.0742166383331642	11.1130732515361	Head	88	Head
#000000	0.248179284031503	13.4131513965316	Head	88	Head
#0000FF	0.290442175571807	9.23629068378359	Tail	88	Tail
#000000	0.334349135276862	13.0434483420569	Head	88	Head
#0000FF	0.106898436080664	10.8325091178063	Tail	88	Tail
#000000	0.0532122768834233	13.9375961172394	Head	88	Head
#000000	0.426064421762712	11.1037306327838	Head	88	Head
#000000	0.478246908974834	14.8886912561487	Head	88	Head
#0000FF	0.011337856752798	10.2213314069435	Tail	88	Tail
#0000FF	0.0558156196400523	8.34544474547729	Tail	88	Tail
#0000FF	0.259969361000694	11.9270619048271	Tail	88	Tail
#000000	0.255030010933988	15.7134510014672	Head	88	Head
#000000	0.429188628322445	11.5422463124618	Head	88	Head
#000000	0.329670511642471	14.8587810939178	Head	88	Head
#0000FF	0.492238304917701	9.87550783022307	Tail	88	Tail
#000000	0.508477364308201	14.3493781911675	Head	88	Head
#0000FF	0.287183352736756	14.9384605021682	Tail	88	Tail
#FF0000	0.239610495269299	8.59179224334657	Stand	88	Stand
#0000FF	0.362957729715854	12.3389368312433	Tail	88	Tail
#0000FF	0.448001621630974	9.76626442982815	Tail	88	Tail
#000000	0.450760150086135	15.8958451168146	Head	88	Head
#000000	0.225571414446458	9.84690808523446	Head	88	Head
#000000	0.494245571773499	10.773409625981	Head	88	Head
#0000FF	0.310940158776939	13.7489796484355	Tail	88	Tail
#FF0000	0.271994468281046	11.1601373806596	Stand	88	Stand
#000000	0.459911499861628	14.4910243749153	Head	88	Head
#000000	0.422637603119947	9.39313502809964	Head	88	Head
#000000	0.323829484512098	14.3989587429445	Head	88	Head
#000000	0.348937883847393	14.1470437079668	Head	88	Head
#0000FF	0.254226533453912	15.0054516400676	Tail	88	Tail
#0000FF	0.308001287854277	14.6725838366896	Tail	88	Tail
#0000FF	0.0886149550694972	14.7146526134573	Tail	88	Tail
#0000FF	0.400541814034805	13.1596622859593	Tail	88	Tail
#FF0000	0.0774653053283691	14.9222718230449	Stand	88	Stand
#000000	0.16381146594882	12.9644438959192	Head	88	Head
#0000FF	0.499793324144557	11.2073162660003	Tail	88	Tail
#000000	0.337280595432967	15.5000076191965	Head	88	Head
#000000	0.424898494607769	13.0087041860912	Head	88	Head
#0000FF	0.111165250292979	8.88728319909423	Tail	88	Tail
#0000FF	0.453740587332286	11.5412940931972	Tail	88	Tail
#0000FF	0.239629023931921	12.4057538162451	Tail	88	Tail
#000000	0.129560211431235	12.0116586739197	Head	88	Head
#0000FF	0.0655364397587255	15.3886513052974	Tail	88	Tail
#000000	0.50372586235404	11.6769075221382	Head	88	Head
#000000	0.326139115486294	11.1667007556185	Head	88	Head
#FF0000	0.0265200321935117	11.3706753288861	Stand	88	Stand
#0000FF	0.2283898355579	12.5789901987649	Tail	88	Tail
#0000FF	0.503412398267537	12.6640625789762	Tail	88	Tail
#000000	0.062543587400578	9.74628288419917	Head	88	Head
#FF0000	0.303926341924816	10.7076225993223	Stand	88	Stand
#000000	0.386929165795445	14.3162729012314	Head	88	Head
#0000FF	0.135025108456612	10.7046526200138	Tail	88	Tail
#0000FF	0.175047053131275	8.7568667490501	Tail	88	Tail
#000000	0.149506858424284	14.1739448742475	Head	88	Head
#0000FF	0.284154794402421	14.7699618048966	Tail	88	Tail
#000000	0.450963066066615	11.1210486006923	Head	88	Head
#0000FF	0.131499434462748	13.5675662557129	Tail	88	Tail
#000000	0.342859223824926	13.0902555613779	Head	88	Head
#0000FF	0.373053858629428	15.7867367291823	Tail	88	Tail
#FF0000	0.317482275413349	12.144708814472	Stand	88	Stand
#000000	0.0693903800472617	15.9878055160865	Head	88	Head
#FF0000	0.0880201671877876	15.9957972571719	Stand	88	Stand
#000000	0.0618432977842167	8.45936055579223	Head	88	Head
#000000	0.176653641383164	10.7572617995553	Head	88	Head
#0000FF	0.0952670621825382	8.30943875964731	Tail	88	Tail
#0000FF	0.496498085316271	9.70886004618369	Tail	88	Tail
#000000	0.13890673824586	9.68621139419265	Head	88	Head
#000000	0.416131206196733	13.817061830312	Head	88	Head
#000000	0.443835332398303	11.5872848978266	Head	88	Head
#FF0000	0.165002604122274	14.4231322892942	Stand	88	Stand
#0000FF	0.360561110419221	15.495473322086	Tail	88	Tail
#000000	0.252093024076894	10.8849156447221	Head	88	Head
#000000	0.500314721595496	11.325389331812	Head	88	Head
#0000FF	0.34779844478704	10.0928336371202	Tail	89	Tail
#FF0000	0.0685416352842003	9.79989732885733	Stand	89	Stand
#000000	0.208692259029485	10.2016717050225	Head	89	Head
#000000	0.440773080093786	14.6949438247364	Head	89	Head
#000000	0.265334628163837	10.5595846873242	Head	89	Head
#0000FF	0.0990119101386517	9.48402942894027	Tail	89	Tail
#0000FF	0.303940535746515	13.5480563766789	Tail	89	Tail
#0000FF	0.389876568564214	12.3958323495463	Tail	89	Tail
#0000FF	0.190799326626584	12.5983628784772	Tail	89	Tail
#000000	0.278191281007603	15.4228747115005	Head	89	Head
#0000FF	0.425445936843753	14.934783432493	Tail	89	Tail
#0000FF	0.184887986038812	10.5309668977745	Tail	89	Tail
#FF0000	0.0581427799677476	9.07889414248057	Stand	89	Stand
#000000	0.345456516593695	15.9600973333232	Head	89	Head
#0000FF	0.238288405342028	11.0702962529846	Tail	89	Tail
#000000	0.0742166383331642	11.1130732515361	Head	89	Head
#000000	0.248179284031503	13.4131513965316	Head	89	Head
#0000FF	0.290442175571807	9.23629068378359	Tail	89	Tail
#000000	0.334349135276862	13.0434483420569	Head	89	Head
#0000FF	0.106898436080664	10.8325091178063	Tail	89	Tail
#000000	0.0532122768834233	13.9375961172394	Head	89	Head
#000000	0.426064421762712	11.1037306327838	Head	89	Head
#000000	0.478246908974834	14.8886912561487	Head	89	Head
#0000FF	0.011337856752798	10.2213314069435	Tail	89	Tail
#0000FF	0.0558156196400523	8.34544474547729	Tail	89	Tail
#0000FF	0.259969361000694	11.9270619048271	Tail	89	Tail
#000000	0.255030010933988	15.7134510014672	Head	89	Head
#000000	0.429188628322445	11.5422463124618	Head	89	Head
#000000	0.329670511642471	14.8587810939178	Head	89	Head
#0000FF	0.492238304917701	9.87550783022307	Tail	89	Tail
#000000	0.508477364308201	14.3493781911675	Head	89	Head
#0000FF	0.287183352736756	14.9384605021682	Tail	89	Tail
#FF0000	0.239610495269299	8.59179224334657	Stand	89	Stand
#0000FF	0.362957729715854	12.3389368312433	Tail	89	Tail
#0000FF	0.448001621630974	9.76626442982815	Tail	89	Tail
#000000	0.450760150086135	15.8958451168146	Head	89	Head
#000000	0.225571414446458	9.84690808523446	Head	89	Head
#000000	0.494245571773499	10.773409625981	Head	89	Head
#0000FF	0.310940158776939	13.7489796484355	Tail	89	Tail
#FF0000	0.271994468281046	11.1601373806596	Stand	89	Stand
#000000	0.459911499861628	14.4910243749153	Head	89	Head
#000000	0.422637603119947	9.39313502809964	Head	89	Head
#000000	0.323829484512098	14.3989587429445	Head	89	Head
#000000	0.348937883847393	14.1470437079668	Head	89	Head
#0000FF	0.254226533453912	15.0054516400676	Tail	89	Tail
#0000FF	0.308001287854277	14.6725838366896	Tail	89	Tail
#0000FF	0.0886149550694972	14.7146526134573	Tail	89	Tail
#0000FF	0.400541814034805	13.1596622859593	Tail	89	Tail
#FF0000	0.0774653053283691	14.9222718230449	Stand	89	Stand
#000000	0.16381146594882	12.9644438959192	Head	89	Head
#0000FF	0.499793324144557	11.2073162660003	Tail	89	Tail
#000000	0.337280595432967	15.5000076191965	Head	89	Head
#000000	0.424898494607769	13.0087041860912	Head	89	Head
#0000FF	0.111165250292979	8.88728319909423	Tail	89	Tail
#0000FF	0.453740587332286	11.5412940931972	Tail	89	Tail
#0000FF	0.239629023931921	12.4057538162451	Tail	89	Tail
#000000	0.129560211431235	12.0116586739197	Head	89	Head
#0000FF	0.0655364397587255	15.3886513052974	Tail	89	Tail
#000000	0.50372586235404	11.6769075221382	Head	89	Head
#000000	0.326139115486294	11.1667007556185	Head	89	Head
#FF0000	0.0265200321935117	11.3706753288861	Stand	89	Stand
#0000FF	0.2283898355579	12.5789901987649	Tail	89	Tail
#0000FF	0.503412398267537	12.6640625789762	Tail	89	Tail
#000000	0.062543587400578	9.74628288419917	Head	89	Head
#FF0000	0.303926341924816	10.7076225993223	Stand	89	Stand
#000000	0.386929165795445	14.3162729012314	Head	89	Head
#0000FF	0.135025108456612	10.7046526200138	Tail	89	Tail
#0000FF	0.175047053131275	8.7568667490501	Tail	89	Tail
#000000	0.149506858424284	14.1739448742475	Head	89	Head
#0000FF	0.284154794402421	14.7699618048966	Tail	89	Tail
#000000	0.450963066066615	11.1210486006923	Head	89	Head
#0000FF	0.131499434462748	13.5675662557129	Tail	89	Tail
#000000	0.342859223824926	13.0902555613779	Head	89	Head
#0000FF	0.373053858629428	15.7867367291823	Tail	89	Tail
#FF0000	0.317482275413349	12.144708814472	Stand	89	Stand
#000000	0.0693903800472617	15.9878055160865	Head	89	Head
#FF0000	0.0880201671877876	15.9957972571719	Stand	89	Stand
#000000	0.0618432977842167	8.45936055579223	Head	89	Head
#000000	0.176653641383164	10.7572617995553	Head	89	Head
#0000FF	0.0952670621825382	8.30943875964731	Tail	89	Tail
#0000FF	0.496498085316271	9.70886004618369	Tail	89	Tail
#000000	0.13890673824586	9.68621139419265	Head	89	Head
#000000	0.416131206196733	13.817061830312	Head	89	Head
#000000	0.443835332398303	11.5872848978266	Head	89	Head
#FF0000	0.165002604122274	14.4231322892942	Stand	89	Stand
#0000FF	0.360561110419221	15.495473322086	Tail	89	Tail
#000000	0.252093024076894	10.8849156447221	Head	89	Head
#000000	0.500314721595496	11.325389331812	Head	89	Head
#000000	0.299798489073291	12.5817168398295	Head	89	Head
#0000FF	0.34779844478704	10.0928336371202	Tail	90	Tail
#FF0000	0.0685416352842003	9.79989732885733	Stand	90	Stand
#000000	0.208692259029485	10.2016717050225	Head	90	Head
#000000	0.440773080093786	14.6949438247364	Head	90	Head
#000000	0.265334628163837	10.5595846873242	Head	90	Head
#0000FF	0.0990119101386517	9.48402942894027	Tail	90	Tail
#0000FF	0.303940535746515	13.5480563766789	Tail	90	Tail
#0000FF	0.389876568564214	12.3958323495463	Tail	90	Tail
#0000FF	0.190799326626584	12.5983628784772	Tail	90	Tail
#000000	0.278191281007603	15.4228747115005	Head	90	Head
#0000FF	0.425445936843753	14.934783432493	Tail	90	Tail
#0000FF	0.184887986038812	10.5309668977745	Tail	90	Tail
#FF0000	0.0581427799677476	9.07889414248057	Stand	90	Stand
#000000	0.345456516593695	15.9600973333232	Head	90	Head
#0000FF	0.238288405342028	11.0702962529846	Tail	90	Tail
#000000	0.0742166383331642	11.1130732515361	Head	90	Head
#000000	0.248179284031503	13.4131513965316	Head	90	Head
#0000FF	0.290442175571807	9.23629068378359	Tail	90	Tail
#000000	0.334349135276862	13.0434483420569	Head	90	Head
#0000FF	0.106898436080664	10.8325091178063	Tail	90	Tail
#000000	0.0532122768834233	13.9375961172394	Head	90	Head
#000000	0.426064421762712	11.1037306327838	Head	90	Head
#000000	0.478246908974834	14.8886912561487	Head	90	Head
#0000FF	0.011337856752798	10.2213314069435	Tail	90	Tail
#0000FF	0.0558156196400523	8.34544474547729	Tail	90	Tail
#0000FF	0.259969361000694	11.9270619048271	Tail	90	Tail
#000000	0.255030010933988	15.7134510014672	Head	90	Head
#000000	0.429188628322445	11.5422463124618	Head	90	Head
#000000	0.329670511642471	14.8587810939178	Head	90	Head
#0000FF	0.492238304917701	9.87550783022307	Tail	90	Tail
#000000	0.508477364308201	14.3493781911675	Head	90	Head
#0000FF	0.287183352736756	14.9384605021682	Tail	90	Tail
#FF0000	0.239610495269299	8.59179224334657	Stand	90	Stand
#0000FF	0.362957729715854	12.3389368312433	Tail	90	Tail
#0000FF	0.448001621630974	9.76626442982815	Tail	90	Tail
#000000	0.450760150086135	15.8958451168146	Head	90	Head
#000000	0.225571414446458	9.84690808523446	Head	90	Head
#000000	0.494245571773499	10.773409625981	Head	90	Head
#0000FF	0.310940158776939	13.7489796484355	Tail	90	Tail
#FF0000	0.271994468281046	11.1601373806596	Stand	90	Stand
#000000	0.459911499861628	14.4910243749153	Head	90	Head
#000000	0.422637603119947	9.39313502809964	Head	90	Head
#000000	0.323829484512098	14.3989587429445	Head	90	Head
#000000	0.348937883847393	14.1470437079668	Head	90	Head
#0000FF	0.254226533453912	15.0054516400676	Tail	90	Tail
#0000FF	0.308001287854277	14.6725838366896	Tail	90	Tail
#0000FF	0.0886149550694972	14.7146526134573	Tail	90	Tail
#0000FF	0.400541814034805	13.1596622859593	Tail	90	Tail
#FF0000	0.0774653053283691	14.9222718230449	Stand	90	Stand
#000000	0.16381146594882	12.9644438959192	Head	90	Head
#0000FF	0.499793324144557	11.2073162660003	Tail	90	Tail
#000000	0.337280595432967	15.5000076191965	Head	90	Head
#000000	0.424898494607769	13.0087041860912	Head	90	Head
#0000FF	0.111165250292979	8.88728319909423	Tail	90	Tail
#0000FF	0.453740587332286	11.5412940931972	Tail	90	Tail
#0000FF	0.239629023931921	12.4057538162451	Tail	90	Tail
#000000	0.129560211431235	12.0116586739197	Head	90	Head
#0000FF	0.0655364397587255	15.3886513052974	Tail	90	Tail
#000000	0.50372586235404	11.6769075221382	Head	90	Head
#000000	0.326139115486294	11.1667007556185	Head	90	Head
#FF0000	0.0265200321935117	11.3706753288861	Stand	90	Stand
#0000FF	0.2283898355579	12.5789901987649	Tail	90	Tail
#0000FF	0.503412398267537	12.6640625789762	Tail	90	Tail
#000000	0.062543587400578	9.74628288419917	Head	90	Head
#FF0000	0.303926341924816	10.7076225993223	Stand	90	Stand
#000000	0.386929165795445	14.3162729012314	Head	90	Head
#0000FF	0.135025108456612	10.7046526200138	Tail	90	Tail
#0000FF	0.175047053131275	8.7568667490501	Tail	90	Tail
#000000	0.149506858424284	14.1739448742475	Head	90	Head
#0000FF	0.284154794402421	14.7699618048966	Tail	90	Tail
#000000	0.450963066066615	11.1210486006923	Head	90	Head
#0000FF	0.131499434462748	13.5675662557129	Tail	90	Tail
#000000	0.342859223824926	13.0902555613779	Head	90	Head
#0000FF	0.373053858629428	15.7867367291823	Tail	90	Tail
#FF0000	0.317482275413349	12.144708814472	Stand	90	Stand
#000000	0.0693903800472617	15.9878055160865	Head	90	Head
#FF0000	0.0880201671877876	15.9957972571719	Stand	90	Stand
#000000	0.0618432977842167	8.45936055579223	Head	90	Head
#000000	0.176653641383164	10.7572617995553	Head	90	Head
#0000FF	0.0952670621825382	8.30943875964731	Tail	90	Tail
#0000FF	0.496498085316271	9.70886004618369	Tail	90	Tail
#000000	0.13890673824586	9.68621139419265	Head	90	Head
#000000	0.416131206196733	13.817061830312	Head	90	Head
#000000	0.443835332398303	11.5872848978266	Head	90	Head
#FF0000	0.165002604122274	14.4231322892942	Stand	90	Stand
#0000FF	0.360561110419221	15.495473322086	Tail	90	Tail
#000000	0.252093024076894	10.8849156447221	Head	90	Head
#000000	0.500314721595496	11.325389331812	Head	90	Head
#000000	0.299798489073291	12.5817168398295	Head	90	Head
#000000	0.465611512763426	14.0396384519525	Head	90	Head
#0000FF	0.34779844478704	10.0928336371202	Tail	91	Tail
#FF0000	0.0685416352842003	9.79989732885733	Stand	91	Stand
#000000	0.208692259029485	10.2016717050225	Head	91	Head
#000000	0.440773080093786	14.6949438247364	Head	91	Head
#000000	0.265334628163837	10.5595846873242	Head	91	Head
#0000FF	0.0990119101386517	9.48402942894027	Tail	91	Tail
#0000FF	0.303940535746515	13.5480563766789	Tail	91	Tail
#0000FF	0.389876568564214	12.3958323495463	Tail	91	Tail
#0000FF	0.190799326626584	12.5983628784772	Tail	91	Tail
#000000	0.278191281007603	15.4228747115005	Head	91	Head
#0000FF	0.425445936843753	14.934783432493	Tail	91	Tail
#0000FF	0.184887986038812	10.5309668977745	Tail	91	Tail
#FF0000	0.0581427799677476	9.07889414248057	Stand	91	Stand
#000000	0.345456516593695	15.9600973333232	Head	91	Head
#0000FF	0.238288405342028	11.0702962529846	Tail	91	Tail
#000000	0.0742166383331642	11.1130732515361	Head	91	Head
#000000	0.248179284031503	13.4131513965316	Head	91	Head
#0000FF	0.290442175571807	9.23629068378359	Tail	91	Tail
#000000	0.334349135276862	13.0434483420569	Head	91	Head
#0000FF	0.106898436080664	10.8325091178063	Tail	91	Tail
#000000	0.0532122768834233	13.9375961172394	Head	91	Head
#000000	0.426064421762712	11.1037306327838	Head	91	Head
#000000	0.478246908974834	14.8886912561487	Head	91	Head
#0000FF	0.011337856752798	10.2213314069435	Tail	91	Tail
#0000FF	0.0558156196400523	8.34544474547729	Tail	91	Tail
#0000FF	0.259969361000694	11.9270619048271	Tail	91	Tail
#000000	0.255030010933988	15.7134510014672	Head	91	Head
#000000	0.429188628322445	11.5422463124618	Head	91	Head
#000000	0.329670511642471	14.8587810939178	Head	91	Head
#0000FF	0.492238304917701	9.87550783022307	Tail	91	Tail
#000000	0.508477364308201	14.3493781911675	Head	91	Head
#0000FF	0.287183352736756	14.9384605021682	Tail	91	Tail
#FF0000	0.239610495269299	8.59179224334657	Stand	91	Stand
#0000FF	0.362957729715854	12.3389368312433	Tail	91	Tail
#0000FF	0.448001621630974	9.76626442982815	Tail	91	Tail
#000000	0.450760150086135	15.8958451168146	Head	91	Head
#000000	0.225571414446458	9.84690808523446	Head	91	Head
#000000	0.494245571773499	10.773409625981	Head	91	Head
#0000FF	0.310940158776939	13.7489796484355	Tail	91	Tail
#FF0000	0.271994468281046	11.1601373806596	Stand	91	Stand
#000000	0.459911499861628	14.4910243749153	Head	91	Head
#000000	0.422637603119947	9.39313502809964	Head	91	Head
#000000	0.323829484512098	14.3989587429445	Head	91	Head
#000000	0.348937883847393	14.1470437079668	Head	91	Head
#0000FF	0.254226533453912	15.0054516400676	Tail	91	Tail
#0000FF	0.308001287854277	14.6725838366896	Tail	91	Tail
#0000FF	0.0886149550694972	14.7146526134573	Tail	91	Tail
#0000FF	0.400541814034805	13.1596622859593	Tail	91	Tail
#FF0000	0.0774653053283691	14.9222718230449	Stand	91	Stand
#000000	0.16381146594882	12.9644438959192	Head	91	Head
#0000FF	0.499793324144557	11.2073162660003	Tail	91	Tail
#000000	0.337280595432967	15.5000076191965	Head	91	Head
#000000	0.424898494607769	13.0087041860912	Head	91	Head
#0000FF	0.111165250292979	8.88728319909423	Tail	91	Tail
#0000FF	0.453740587332286	11.5412940931972	Tail	91	Tail
#0000FF	0.239629023931921	12.4057538162451	Tail	91	Tail
#000000	0.129560211431235	12.0116586739197	Head	91	Head
#0000FF	0.0655364397587255	15.3886513052974	Tail	91	Tail
#000000	0.50372586235404	11.6769075221382	Head	91	Head
#000000	0.326139115486294	11.1667007556185	Head	91	Head
#FF0000	0.0265200321935117	11.3706753288861	Stand	91	Stand
#0000FF	0.2283898355579	12.5789901987649	Tail	91	Tail
#0000FF	0.503412398267537	12.6640625789762	Tail	91	Tail
#000000	0.062543587400578	9.74628288419917	Head	91	Head
#FF0000	0.303926341924816	10.7076225993223	Stand	91	Stand
#000000	0.386929165795445	14.3162729012314	Head	91	Head
#0000FF	0.135025108456612	10.7046526200138	Tail	91	Tail
#0000FF	0.175047053131275	8.7568667490501	Tail	91	Tail
#000000	0.149506858424284	14.1739448742475	Head	91	Head
#0000FF	0.284154794402421	14.7699618048966	Tail	91	Tail
#000000	0.450963066066615	11.1210486006923	Head	91	Head
#0000FF	0.131499434462748	13.5675662557129	Tail	91	Tail
#000000	0.342859223824926	13.0902555613779	Head	91	Head
#0000FF	0.373053858629428	15.7867367291823	Tail	91	Tail
#FF0000	0.317482275413349	12.144708814472	Stand	91	Stand
#000000	0.0693903800472617	15.9878055160865	Head	91	Head
#FF0000	0.0880201671877876	15.9957972571719	Stand	91	Stand
#000000	0.0618432977842167	8.45936055579223	Head	91	Head
#000000	0.176653641383164	10.7572617995553	Head	91	Head
#0000FF	0.0952670621825382	8.30943875964731	Tail	91	Tail
#0000FF	0.496498085316271	9.70886004618369	Tail	91	Tail
#000000	0.13890673824586	9.68621139419265	Head	91	Head
#000000	0.416131206196733	13.817061830312	Head	91	Head
#000000	0.443835332398303	11.5872848978266	Head	91	Head
#FF0000	0.165002604122274	14.4231322892942	Stand	91	Stand
#0000FF	0.360561110419221	15.495473322086	Tail	91	Tail
#000000	0.252093024076894	10.8849156447221	Head	91	Head
#000000	0.500314721595496	11.325389331812	Head	91	Head
#000000	0.299798489073291	12.5817168398295	Head	91	Head
#000000	0.465611512763426	14.0396384519525	Head	91	Head
#0000FF	0.322605999642983	15.2731268357951	Tail	91	Tail
#0000FF	0.34779844478704	10.0928336371202	Tail	92	Tail
#FF0000	0.0685416352842003	9.79989732885733	Stand	92	Stand
#000000	0.208692259029485	10.2016717050225	Head	92	Head
#000000	0.440773080093786	14.6949438247364	Head	92	Head
#000000	0.265334628163837	10.5595846873242	Head	92	Head
#0000FF	0.0990119101386517	9.48402942894027	Tail	92	Tail
#0000FF	0.303940535746515	13.5480563766789	Tail	92	Tail
#0000FF	0.389876568564214	12.3958323495463	Tail	92	Tail
#0000FF	0.190799326626584	12.5983628784772	Tail	92	Tail
#000000	0.278191281007603	15.4228747115005	Head	92	Head
#0000FF	0.425445936843753	14.934783432493	Tail	92	Tail
#0000FF	0.184887986038812	10.5309668977745	Tail	92	Tail
#FF0000	0.0581427799677476	9.07889414248057	Stand	92	Stand
#000000	0.345456516593695	15.9600973333232	Head	92	Head
#0000FF	0.238288405342028	11.0702962529846	Tail	92	Tail
#000000	0.0742166383331642	11.1130732515361	Head	92	Head
#000000	0.248179284031503	13.4131513965316	Head	92	Head
#0000FF	0.290442175571807	9.23629068378359	Tail	92	Tail
#000000	0.334349135276862	13.0434483420569	Head	92	Head
#0000FF	0.106898436080664	10.8325091178063	Tail	92	Tail
#000000	0.0532122768834233	13.9375961172394	Head	92	Head
#000000	0.426064421762712	11.1037306327838	Head	92	Head
#000000	0.478246908974834	14.8886912561487	Head	92	Head
#0000FF	0.011337856752798	10.2213314069435	Tail	92	Tail
#0000FF	0.0558156196400523	8.34544474547729	Tail	92	Tail
#0000FF	0.259969361000694	11.9270619048271	Tail	92	Tail
#000000	0.255030010933988	15.7134510014672	Head	92	Head
#000000	0.429188628322445	11.5422463124618	Head	92	Head
#000000	0.329670511642471	14.8587810939178	Head	92	Head
#0000FF	0.492238304917701	9.87550783022307	Tail	92	Tail
#000000	0.508477364308201	14.3493781911675	Head	92	Head
#0000FF	0.287183352736756	14.9384605021682	Tail	92	Tail
#FF0000	0.239610495269299	8.59179224334657	Stand	92	Stand
#0000FF	0.362957729715854	12.3389368312433	Tail	92	Tail
#0000FF	0.448001621630974	9.76626442982815	Tail	92	Tail
#000000	0.450760150086135	15.8958451168146	Head	92	Head
#000000	0.225571414446458	9.84690808523446	Head	92	Head
#000000	0.494245571773499	10.773409625981	Head	92	Head
#0000FF	0.310940158776939	13.7489796484355	Tail	92	Tail
#FF0000	0.271994468281046	11.1601373806596	Stand	92	Stand
#000000	0.459911499861628	14.4910243749153	Head	92	Head
#000000	0.422637603119947	9.39313502809964	Head	92	Head
#000000	0.323829484512098	14.3989587429445	Head	92	Head
#000000	0.348937883847393	14.1470437079668	Head	92	Head
#0000FF	0.254226533453912	15.0054516400676	Tail	92	Tail
#0000FF	0.308001287854277	14.6725838366896	Tail	92	Tail
#0000FF	0.0886149550694972	14.7146526134573	Tail	92	Tail
#0000FF	0.400541814034805	13.1596622859593	Tail	92	Tail
#FF0000	0.0774653053283691	14.9222718230449	Stand	92	Stand
#000000	0.16381146594882	12.9644438959192	Head	92	Head
#0000FF	0.499793324144557	11.2073162660003	Tail	92	Tail
#000000	0.337280595432967	15.5000076191965	Head	92	Head
#000000	0.424898494607769	13.0087041860912	Head	92	Head
#0000FF	0.111165250292979	8.88728319909423	Tail	92	Tail
#0000FF	0.453740587332286	11.5412940931972	Tail	92	Tail
#0000FF	0.239629023931921	12.4057538162451	Tail	92	Tail
#000000	0.129560211431235	12.0116586739197	Head	92	Head
#0000FF	0.0655364397587255	15.3886513052974	Tail	92	Tail
#000000	0.50372586235404	11.6769075221382	Head	92	Head
#000000	0.326139115486294	11.1667007556185	Head	92	Head
#FF0000	0.0265200321935117	11.3706753288861	Stand	92	Stand
#0000FF	0.2283898355579	12.5789901987649	Tail	92	Tail
#0000FF	0.503412398267537	12.6640625789762	Tail	92	Tail
#000000	0.062543587400578	9.74628288419917	Head	92	Head
#FF0000	0.303926341924816	10.7076225993223	Stand	92	Stand
#000000	0.386929165795445	14.3162729012314	Head	92	Head
#0000FF	0.135025108456612	10.7046526200138	Tail	92	Tail
#0000FF	0.175047053131275	8.7568667490501	Tail	92	Tail
#000000	0.149506858424284	14.1739448742475	Head	92	Head
#0000FF	0.284154794402421	14.7699618048966	Tail	92	Tail
#000000	0.450963066066615	11.1210486006923	Head	92	Head
#0000FF	0.131499434462748	13.5675662557129	Tail	92	Tail
#000000	0.342859223824926	13.0902555613779	Head	92	Head
#0000FF	0.373053858629428	15.7867367291823	Tail	92	Tail
#FF0000	0.317482275413349	12.144708814472	Stand	92	Stand
#000000	0.0693903800472617	15.9878055160865	Head	92	Head
#FF0000	0.0880201671877876	15.9957972571719	Stand	92	Stand
#000000	0.0618432977842167	8.45936055579223	Head	92	Head
#000000	0.176653641383164	10.7572617995553	Head	92	Head
#0000FF	0.0952670621825382	8.30943875964731	Tail	92	Tail
#0000FF	0.496498085316271	9.70886004618369	Tail	92	Tail
#000000	0.13890673824586	9.68621139419265	Head	92	Head
#000000	0.416131206196733	13.817061830312	Head	92	Head
#000000	0.443835332398303	11.5872848978266	Head	92	Head
#FF0000	0.165002604122274	14.4231322892942	Stand	92	Stand
#0000FF	0.360561110419221	15.495473322086	Tail	92	Tail
#000000	0.252093024076894	10.8849156447221	Head	92	Head
#000000	0.500314721595496	11.325389331812	Head	92	Head
#000000	0.299798489073291	12.5817168398295	Head	92	Head
#000000	0.465611512763426	14.0396384519525	Head	92	Head
#0000FF	0.322605999642983	15.2731268357951	Tail	92	Tail
#0000FF	0.499523424999788	10.3186001398135	Tail	92	Tail
#0000FF	0.34779844478704	10.0928336371202	Tail	93	Tail
#FF0000	0.0685416352842003	9.79989732885733	Stand	93	Stand
#000000	0.208692259029485	10.2016717050225	Head	93	Head
#000000	0.440773080093786	14.6949438247364	Head	93	Head
#000000	0.265334628163837	10.5595846873242	Head	93	Head
#0000FF	0.0990119101386517	9.48402942894027	Tail	93	Tail
#0000FF	0.303940535746515	13.5480563766789	Tail	93	Tail
#0000FF	0.389876568564214	12.3958323495463	Tail	93	Tail
#0000FF	0.190799326626584	12.5983628784772	Tail	93	Tail
#000000	0.278191281007603	15.4228747115005	Head	93	Head
#0000FF	0.425445936843753	14.934783432493	Tail	93	Tail
#0000FF	0.184887986038812	10.5309668977745	Tail	93	Tail
#FF0000	0.0581427799677476	9.07889414248057	Stand	93	Stand
#000000	0.345456516593695	15.9600973333232	Head	93	Head
#0000FF	0.238288405342028	11.0702962529846	Tail	93	Tail
#000000	0.0742166383331642	11.1130732515361	Head	93	Head
#000000	0.248179284031503	13.4131513965316	Head	93	Head
#0000FF	0.290442175571807	9.23629068378359	Tail	93	Tail
#000000	0.334349135276862	13.0434483420569	Head	93	Head
#0000FF	0.106898436080664	10.8325091178063	Tail	93	Tail
#000000	0.0532122768834233	13.9375961172394	Head	93	Head
#000000	0.426064421762712	11.1037306327838	Head	93	Head
#000000	0.478246908974834	14.8886912561487	Head	93	Head
#0000FF	0.011337856752798	10.2213314069435	Tail	93	Tail
#0000FF	0.0558156196400523	8.34544474547729	Tail	93	Tail
#0000FF	0.259969361000694	11.9270619048271	Tail	93	Tail
#000000	0.255030010933988	15.7134510014672	Head	93	Head
#000000	0.429188628322445	11.5422463124618	Head	93	Head
#000000	0.329670511642471	14.8587810939178	Head	93	Head
#0000FF	0.492238304917701	9.87550783022307	Tail	93	Tail
#000000	0.508477364308201	14.3493781911675	Head	93	Head
#0000FF	0.287183352736756	14.9384605021682	Tail	93	Tail
#FF0000	0.239610495269299	8.59179224334657	Stand	93	Stand
#0000FF	0.362957729715854	12.3389368312433	Tail	93	Tail
#0000FF	0.448001621630974	9.76626442982815	Tail	93	Tail
#000000	0.450760150086135	15.8958451168146	Head	93	Head
#000000	0.225571414446458	9.84690808523446	Head	93	Head
#000000	0.494245571773499	10.773409625981	Head	93	Head
#0000FF	0.310940158776939	13.7489796484355	Tail	93	Tail
#FF0000	0.271994468281046	11.1601373806596	Stand	93	Stand
#000000	0.459911499861628	14.4910243749153	Head	93	Head
#000000	0.422637603119947	9.39313502809964	Head	93	Head
#000000	0.323829484512098	14.3989587429445	Head	93	Head
#000000	0.348937883847393	14.1470437079668	Head	93	Head
#0000FF	0.254226533453912	15.0054516400676	Tail	93	Tail
#0000FF	0.308001287854277	14.6725838366896	Tail	93	Tail
#0000FF	0.0886149550694972	14.7146526134573	Tail	93	Tail
#0000FF	0.400541814034805	13.1596622859593	Tail	93	Tail
#FF0000	0.0774653053283691	14.9222718230449	Stand	93	Stand
#000000	0.16381146594882	12.9644438959192	Head	93	Head
#0000FF	0.499793324144557	11.2073162660003	Tail	93	Tail
#000000	0.337280595432967	15.5000076191965	Head	93	Head
#000000	0.424898494607769	13.0087041860912	Head	93	Head
#0000FF	0.111165250292979	8.88728319909423	Tail	93	Tail
#0000FF	0.453740587332286	11.5412940931972	Tail	93	Tail
#0000FF	0.239629023931921	12.4057538162451	Tail	93	Tail
#000000	0.129560211431235	12.0116586739197	Head	93	Head
#0000FF	0.0655364397587255	15.3886513052974	Tail	93	Tail
#000000	0.50372586235404	11.6769075221382	Head	93	Head
#000000	0.326139115486294	11.1667007556185	Head	93	Head
#FF0000	0.0265200321935117	11.3706753288861	Stand	93	Stand
#0000FF	0.2283898355579	12.5789901987649	Tail	93	Tail
#0000FF	0.503412398267537	12.6640625789762	Tail	93	Tail
#000000	0.062543587400578	9.74628288419917	Head	93	Head
#FF0000	0.303926341924816	10.7076225993223	Stand	93	Stand
#000000	0.386929165795445	14.3162729012314	Head	93	Head
#0000FF	0.135025108456612	10.7046526200138	Tail	93	Tail
#0000FF	0.175047053131275	8.7568667490501	Tail	93	Tail
#000000	0.149506858424284	14.1739448742475	Head	93	Head
#0000FF	0.284154794402421	14.7699618048966	Tail	93	Tail
#000000	0.450963066066615	11.1210486006923	Head	93	Head
#0000FF	0.131499434462748	13.5675662557129	Tail	93	Tail
#000000	0.342859223824926	13.0902555613779	Head	93	Head
#0000FF	0.373053858629428	15.7867367291823	Tail	93	Tail
#FF0000	0.317482275413349	12.144708814472	Stand	93	Stand
#000000	0.0693903800472617	15.9878055160865	Head	93	Head
#FF0000	0.0880201671877876	15.9957972571719	Stand	93	Stand
#000000	0.0618432977842167	8.45936055579223	Head	93	Head
#000000	0.176653641383164	10.7572617995553	Head	93	Head
#0000FF	0.0952670621825382	8.30943875964731	Tail	93	Tail
#0000FF	0.496498085316271	9.70886004618369	Tail	93	Tail
#000000	0.13890673824586	9.68621139419265	Head	93	Head
#000000	0.416131206196733	13.817061830312	Head	93	Head
#000000	0.443835332398303	11.5872848978266	Head	93	Head
#FF0000	0.165002604122274	14.4231322892942	Stand	93	Stand
#0000FF	0.360561110419221	15.495473322086	Tail	93	Tail
#000000	0.252093024076894	10.8849156447221	Head	93	Head
#000000	0.500314721595496	11.325389331812	Head	93	Head
#000000	0.299798489073291	12.5817168398295	Head	93	Head
#000000	0.465611512763426	14.0396384519525	Head	93	Head
#0000FF	0.322605999642983	15.2731268357951	Tail	93	Tail
#0000FF	0.499523424999788	10.3186001398135	Tail	93	Tail
#000000	0.428670106912032	11.1075232214294	Head	93	Head
#0000FF	0.34779844478704	10.0928336371202	Tail	94	Tail
#FF0000	0.0685416352842003	9.79989732885733	Stand	94	Stand
#000000	0.208692259029485	10.2016717050225	Head	94	Head
#000000	0.440773080093786	14.6949438247364	Head	94	Head
#000000	0.265334628163837	10.5595846873242	Head	94	Head
#0000FF	0.0990119101386517	9.48402942894027	Tail	94	Tail
#0000FF	0.303940535746515	13.5480563766789	Tail	94	Tail
#0000FF	0.389876568564214	12.3958323495463	Tail	94	Tail
#0000FF	0.190799326626584	12.5983628784772	Tail	94	Tail
#000000	0.278191281007603	15.4228747115005	Head	94	Head
#0000FF	0.425445936843753	14.934783432493	Tail	94	Tail
#0000FF	0.184887986038812	10.5309668977745	Tail	94	Tail
#FF0000	0.0581427799677476	9.07889414248057	Stand	94	Stand
#000000	0.345456516593695	15.9600973333232	Head	94	Head
#0000FF	0.238288405342028	11.0702962529846	Tail	94	Tail
#000000	0.0742166383331642	11.1130732515361	Head	94	Head
#000000	0.248179284031503	13.4131513965316	Head	94	Head
#0000FF	0.290442175571807	9.23629068378359	Tail	94	Tail
#000000	0.334349135276862	13.0434483420569	Head	94	Head
#0000FF	0.106898436080664	10.8325091178063	Tail	94	Tail
#000000	0.0532122768834233	13.9375961172394	Head	94	Head
#000000	0.426064421762712	11.1037306327838	Head	94	Head
#000000	0.478246908974834	14.8886912561487	Head	94	Head
#0000FF	0.011337856752798	10.2213314069435	Tail	94	Tail
#0000FF	0.0558156196400523	8.34544474547729	Tail	94	Tail
#0000FF	0.259969361000694	11.9270619048271	Tail	94	Tail
#000000	0.255030010933988	15.7134510014672	Head	94	Head
#000000	0.429188628322445	11.5422463124618	Head	94	Head
#000000	0.329670511642471	14.8587810939178	Head	94	Head
#0000FF	0.492238304917701	9.87550783022307	Tail	94	Tail
#000000	0.508477364308201	14.3493781911675	Head	94	Head
#0000FF	0.287183352736756	14.9384605021682	Tail	94	Tail
#FF0000	0.239610495269299	8.59179224334657	Stand	94	Stand
#0000FF	0.362957729715854	12.3389368312433	Tail	94	Tail
#0000FF	0.448001621630974	9.76626442982815	Tail	94	Tail
#000000	0.450760150086135	15.8958451168146	Head	94	Head
#000000	0.225571414446458	9.84690808523446	Head	94	Head
#000000	0.494245571773499	10.773409625981	Head	94	Head
#0000FF	0.310940158776939	13.7489796484355	Tail	94	Tail
#FF0000	0.271994468281046	11.1601373806596	Stand	94	Stand
#000000	0.459911499861628	14.4910243749153	Head	94	Head
#000000	0.422637603119947	9.39313502809964	Head	94	Head
#000000	0.323829484512098	14.3989587429445	Head	94	Head
#000000	0.348937883847393	14.1470437079668	Head	94	Head
#0000FF	0.254226533453912	15.0054516400676	Tail	94	Tail
#0000FF	0.308001287854277	14.6725838366896	Tail	94	Tail
#0000FF	0.0886149550694972	14.7146526134573	Tail	94	Tail
#0000FF	0.400541814034805	13.1596622859593	Tail	94	Tail
#FF0000	0.0774653053283691	14.9222718230449	Stand	94	Stand
#000000	0.16381146594882	12.9644438959192	Head	94	Head
#0000FF	0.499793324144557	11.2073162660003	Tail	94	Tail
#000000	0.337280595432967	15.5000076191965	Head	94	Head
#000000	0.424898494607769	13.0087041860912	Head	94	Head
#0000FF	0.111165250292979	8.88728319909423	Tail	94	Tail
#0000FF	0.453740587332286	11.5412940931972	Tail	94	Tail
#0000FF	0.239629023931921	12.4057538162451	Tail	94	Tail
#000000	0.129560211431235	12.0116586739197	Head	94	Head
#0000FF	0.0655364397587255	15.3886513052974	Tail	94	Tail
#000000	0.50372586235404	11.6769075221382	Head	94	Head
#000000	0.326139115486294	11.1667007556185	Head	94	Head
#FF0000	0.0265200321935117	11.3706753288861	Stand	94	Stand
#0000FF	0.2283898355579	12.5789901987649	Tail	94	Tail
#0000FF	0.503412398267537	12.6640625789762	Tail	94	Tail
#000000	0.062543587400578	9.74628288419917	Head	94	Head
#FF0000	0.303926341924816	10.7076225993223	Stand	94	Stand
#000000	0.386929165795445	14.3162729012314	Head	94	Head
#0000FF	0.135025108456612	10.7046526200138	Tail	94	Tail
#0000FF	0.175047053131275	8.7568667490501	Tail	94	Tail
#000000	0.149506858424284	14.1739448742475	Head	94	Head
#0000FF	0.284154794402421	14.7699618048966	Tail	94	Tail
#000000	0.450963066066615	11.1210486006923	Head	94	Head
#0000FF	0.131499434462748	13.5675662557129	Tail	94	Tail
#000000	0.342859223824926	13.0902555613779	Head	94	Head
#0000FF	0.373053858629428	15.7867367291823	Tail	94	Tail
#FF0000	0.317482275413349	12.144708814472	Stand	94	Stand
#000000	0.0693903800472617	15.9878055160865	Head	94	Head
#FF0000	0.0880201671877876	15.9957972571719	Stand	94	Stand
#000000	0.0618432977842167	8.45936055579223	Head	94	Head
#000000	0.176653641383164	10.7572617995553	Head	94	Head
#0000FF	0.0952670621825382	8.30943875964731	Tail	94	Tail
#0000FF	0.496498085316271	9.70886004618369	Tail	94	Tail
#000000	0.13890673824586	9.68621139419265	Head	94	Head
#000000	0.416131206196733	13.817061830312	Head	94	Head
#000000	0.443835332398303	11.5872848978266	Head	94	Head
#FF0000	0.165002604122274	14.4231322892942	Stand	94	Stand
#0000FF	0.360561110419221	15.495473322086	Tail	94	Tail
#000000	0.252093024076894	10.8849156447221	Head	94	Head
#000000	0.500314721595496	11.325389331812	Head	94	Head
#000000	0.299798489073291	12.5817168398295	Head	94	Head
#000000	0.465611512763426	14.0396384519525	Head	94	Head
#0000FF	0.322605999642983	15.2731268357951	Tail	94	Tail
#0000FF	0.499523424999788	10.3186001398135	Tail	94	Tail
#000000	0.428670106912032	11.1075232214294	Head	94	Head
#0000FF	0.446818642308936	13.988499362953	Tail	94	Tail
#0000FF	0.34779844478704	10.0928336371202	Tail	95	Tail
#FF0000	0.0685416352842003	9.79989732885733	Stand	95	Stand
#000000	0.208692259029485	10.2016717050225	Head	95	Head
#000000	0.440773080093786	14.6949438247364	Head	95	Head
#000000	0.265334628163837	10.5595846873242	Head	95	Head
#0000FF	0.0990119101386517	9.48402942894027	Tail	95	Tail
#0000FF	0.303940535746515	13.5480563766789	Tail	95	Tail
#0000FF	0.389876568564214	12.3958323495463	Tail	95	Tail
#0000FF	0.190799326626584	12.5983628784772	Tail	95	Tail
#000000	0.278191281007603	15.4228747115005	Head	95	Head
#0000FF	0.425445936843753	14.934783432493	Tail	95	Tail
#0000FF	0.184887986038812	10.5309668977745	Tail	95	Tail
#FF0000	0.0581427799677476	9.07889414248057	Stand	95	Stand
#000000	0.345456516593695	15.9600973333232	Head	95	Head
#0000FF	0.238288405342028	11.0702962529846	Tail	95	Tail
#000000	0.0742166383331642	11.1130732515361	Head	95	Head
#000000	0.248179284031503	13.4131513965316	Head	95	Head
#0000FF	0.290442175571807	9.23629068378359	Tail	95	Tail
#000000	0.334349135276862	13.0434483420569	Head	95	Head
#0000FF	0.106898436080664	10.8325091178063	Tail	95	Tail
#000000	0.0532122768834233	13.9375961172394	Head	95	Head
#000000	0.426064421762712	11.1037306327838	Head	95	Head
#000000	0.478246908974834	14.8886912561487	Head	95	Head
#0000FF	0.011337856752798	10.2213314069435	Tail	95	Tail
#0000FF	0.0558156196400523	8.34544474547729	Tail	95	Tail
#0000FF	0.259969361000694	11.9270619048271	Tail	95	Tail
#000000	0.255030010933988	15.7134510014672	Head	95	Head
#000000	0.429188628322445	11.5422463124618	Head	95	Head
#000000	0.329670511642471	14.8587810939178	Head	95	Head
#0000FF	0.492238304917701	9.87550783022307	Tail	95	Tail
#000000	0.508477364308201	14.3493781911675	Head	95	Head
#0000FF	0.287183352736756	14.9384605021682	Tail	95	Tail
#FF0000	0.239610495269299	8.59179224334657	Stand	95	Stand
#0000FF	0.362957729715854	12.3389368312433	Tail	95	Tail
#0000FF	0.448001621630974	9.76626442982815	Tail	95	Tail
#000000	0.450760150086135	15.8958451168146	Head	95	Head
#000000	0.225571414446458	9.84690808523446	Head	95	Head
#000000	0.494245571773499	10.773409625981	Head	95	Head
#0000FF	0.310940158776939	13.7489796484355	Tail	95	Tail
#FF0000	0.271994468281046	11.1601373806596	Stand	95	Stand
#000000	0.459911499861628	14.4910243749153	Head	95	Head
#000000	0.422637603119947	9.39313502809964	Head	95	Head
#000000	0.323829484512098	14.3989587429445	Head	95	Head
#000000	0.348937883847393	14.1470437079668	Head	95	Head
#0000FF	0.254226533453912	15.0054516400676	Tail	95	Tail
#0000FF	0.308001287854277	14.6725838366896	Tail	95	Tail
#0000FF	0.0886149550694972	14.7146526134573	Tail	95	Tail
#0000FF	0.400541814034805	13.1596622859593	Tail	95	Tail
#FF0000	0.0774653053283691	14.9222718230449	Stand	95	Stand
#000000	0.16381146594882	12.9644438959192	Head	95	Head
#0000FF	0.499793324144557	11.2073162660003	Tail	95	Tail
#000000	0.337280595432967	15.5000076191965	Head	95	Head
#000000	0.424898494607769	13.0087041860912	Head	95	Head
#0000FF	0.111165250292979	8.88728319909423	Tail	95	Tail
#0000FF	0.453740587332286	11.5412940931972	Tail	95	Tail
#0000FF	0.239629023931921	12.4057538162451	Tail	95	Tail
#000000	0.129560211431235	12.0116586739197	Head	95	Head
#0000FF	0.0655364397587255	15.3886513052974	Tail	95	Tail
#000000	0.50372586235404	11.6769075221382	Head	95	Head
#000000	0.326139115486294	11.1667007556185	Head	95	Head
#FF0000	0.0265200321935117	11.3706753288861	Stand	95	Stand
#0000FF	0.2283898355579	12.5789901987649	Tail	95	Tail
#0000FF	0.503412398267537	12.6640625789762	Tail	95	Tail
#000000	0.062543587400578	9.74628288419917	Head	95	Head
#FF0000	0.303926341924816	10.7076225993223	Stand	95	Stand
#000000	0.386929165795445	14.3162729012314	Head	95	Head
#0000FF	0.135025108456612	10.7046526200138	Tail	95	Tail
#0000FF	0.175047053131275	8.7568667490501	Tail	95	Tail
#000000	0.149506858424284	14.1739448742475	Head	95	Head
#0000FF	0.284154794402421	14.7699618048966	Tail	95	Tail
#000000	0.450963066066615	11.1210486006923	Head	95	Head
#0000FF	0.131499434462748	13.5675662557129	Tail	95	Tail
#000000	0.342859223824926	13.0902555613779	Head	95	Head
#0000FF	0.373053858629428	15.7867367291823	Tail	95	Tail
#FF0000	0.317482275413349	12.144708814472	Stand	95	Stand
#000000	0.0693903800472617	15.9878055160865	Head	95	Head
#FF0000	0.0880201671877876	15.9957972571719	Stand	95	Stand
#000000	0.0618432977842167	8.45936055579223	Head	95	Head
#000000	0.176653641383164	10.7572617995553	Head	95	Head
#0000FF	0.0952670621825382	8.30943875964731	Tail	95	Tail
#0000FF	0.496498085316271	9.70886004618369	Tail	95	Tail
#000000	0.13890673824586	9.68621139419265	Head	95	Head
#000000	0.416131206196733	13.817061830312	Head	95	Head
#000000	0.443835332398303	11.5872848978266	Head	95	Head
#FF0000	0.165002604122274	14.4231322892942	Stand	95	Stand
#0000FF	0.360561110419221	15.495473322086	Tail	95	Tail
#000000	0.252093024076894	10.8849156447221	Head	95	Head
#000000	0.500314721595496	11.325389331812	Head	95	Head
#000000	0.299798489073291	12.5817168398295	Head	95	Head
#000000	0.465611512763426	14.0396384519525	Head	95	Head
#0000FF	0.322605999642983	15.2731268357951	Tail	95	Tail
#0000FF	0.499523424999788	10.3186001398135	Tail	95	Tail
#000000	0.428670106912032	11.1075232214294	Head	95	Head
#0000FF	0.446818642308936	13.988499362953	Tail	95	Tail
#000000	0.201716030589305	14.5425324439537	Head	95	Head
#0000FF	0.34779844478704	10.0928336371202	Tail	96	Tail
#FF0000	0.0685416352842003	9.79989732885733	Stand	96	Stand
#000000	0.208692259029485	10.2016717050225	Head	96	Head
#000000	0.440773080093786	14.6949438247364	Head	96	Head
#000000	0.265334628163837	10.5595846873242	Head	96	Head
#0000FF	0.0990119101386517	9.48402942894027	Tail	96	Tail
#0000FF	0.303940535746515	13.5480563766789	Tail	96	Tail
#0000FF	0.389876568564214	12.3958323495463	Tail	96	Tail
#0000FF	0.190799326626584	12.5983628784772	Tail	96	Tail
#000000	0.278191281007603	15.4228747115005	Head	96	Head
#0000FF	0.425445936843753	14.934783432493	Tail	96	Tail
#0000FF	0.184887986038812	10.5309668977745	Tail	96	Tail
#FF0000	0.0581427799677476	9.07889414248057	Stand	96	Stand
#000000	0.345456516593695	15.9600973333232	Head	96	Head
#0000FF	0.238288405342028	11.0702962529846	Tail	96	Tail
#000000	0.0742166383331642	11.1130732515361	Head	96	Head
#000000	0.248179284031503	13.4131513965316	Head	96	Head
#0000FF	0.290442175571807	9.23629068378359	Tail	96	Tail
#000000	0.334349135276862	13.0434483420569	Head	96	Head
#0000FF	0.106898436080664	10.8325091178063	Tail	96	Tail
#000000	0.0532122768834233	13.9375961172394	Head	96	Head
#000000	0.426064421762712	11.1037306327838	Head	96	Head
#000000	0.478246908974834	14.8886912561487	Head	96	Head
#0000FF	0.011337856752798	10.2213314069435	Tail	96	Tail
#0000FF	0.0558156196400523	8.34544474547729	Tail	96	Tail
#0000FF	0.259969361000694	11.9270619048271	Tail	96	Tail
#000000	0.255030010933988	15.7134510014672	Head	96	Head
#000000	0.429188628322445	11.5422463124618	Head	96	Head
#000000	0.329670511642471	14.8587810939178	Head	96	Head
#0000FF	0.492238304917701	9.87550783022307	Tail	96	Tail
#000000	0.508477364308201	14.3493781911675	Head	96	Head
#0000FF	0.287183352736756	14.9384605021682	Tail	96	Tail
#FF0000	0.239610495269299	8.59179224334657	Stand	96	Stand
#0000FF	0.362957729715854	12.3389368312433	Tail	96	Tail
#0000FF	0.448001621630974	9.76626442982815	Tail	96	Tail
#000000	0.450760150086135	15.8958451168146	Head	96	Head
#000000	0.225571414446458	9.84690808523446	Head	96	Head
#000000	0.494245571773499	10.773409625981	Head	96	Head
#0000FF	0.310940158776939	13.7489796484355	Tail	96	Tail
#FF0000	0.271994468281046	11.1601373806596	Stand	96	Stand
#000000	0.459911499861628	14.4910243749153	Head	96	Head
#000000	0.422637603119947	9.39313502809964	Head	96	Head
#000000	0.323829484512098	14.3989587429445	Head	96	Head
#000000	0.348937883847393	14.1470437079668	Head	96	Head
#0000FF	0.254226533453912	15.0054516400676	Tail	96	Tail
#0000FF	0.308001287854277	14.6725838366896	Tail	96	Tail
#0000FF	0.0886149550694972	14.7146526134573	Tail	96	Tail
#0000FF	0.400541814034805	13.1596622859593	Tail	96	Tail
#FF0000	0.0774653053283691	14.9222718230449	Stand	96	Stand
#000000	0.16381146594882	12.9644438959192	Head	96	Head
#0000FF	0.499793324144557	11.2073162660003	Tail	96	Tail
#000000	0.337280595432967	15.5000076191965	Head	96	Head
#000000	0.424898494607769	13.0087041860912	Head	96	Head
#0000FF	0.111165250292979	8.88728319909423	Tail	96	Tail
#0000FF	0.453740587332286	11.5412940931972	Tail	96	Tail
#0000FF	0.239629023931921	12.4057538162451	Tail	96	Tail
#000000	0.129560211431235	12.0116586739197	Head	96	Head
#0000FF	0.0655364397587255	15.3886513052974	Tail	96	Tail
#000000	0.50372586235404	11.6769075221382	Head	96	Head
#000000	0.326139115486294	11.1667007556185	Head	96	Head
#FF0000	0.0265200321935117	11.3706753288861	Stand	96	Stand
#0000FF	0.2283898355579	12.5789901987649	Tail	96	Tail
#0000FF	0.503412398267537	12.6640625789762	Tail	96	Tail
#000000	0.062543587400578	9.74628288419917	Head	96	Head
#FF0000	0.303926341924816	10.7076225993223	Stand	96	Stand
#000000	0.386929165795445	14.3162729012314	Head	96	Head
#0000FF	0.135025108456612	10.7046526200138	Tail	96	Tail
#0000FF	0.175047053131275	8.7568667490501	Tail	96	Tail
#000000	0.149506858424284	14.1739448742475	Head	96	Head
#0000FF	0.284154794402421	14.7699618048966	Tail	96	Tail
#000000	0.450963066066615	11.1210486006923	Head	96	Head
#0000FF	0.131499434462748	13.5675662557129	Tail	96	Tail
#000000	0.342859223824926	13.0902555613779	Head	96	Head
#0000FF	0.373053858629428	15.7867367291823	Tail	96	Tail
#FF0000	0.317482275413349	12.144708814472	Stand	96	Stand
#000000	0.0693903800472617	15.9878055160865	Head	96	Head
#FF0000	0.0880201671877876	15.9957972571719	Stand	96	Stand
#000000	0.0618432977842167	8.45936055579223	Head	96	Head
#000000	0.176653641383164	10.7572617995553	Head	96	Head
#0000FF	0.0952670621825382	8.30943875964731	Tail	96	Tail
#0000FF	0.496498085316271	9.70886004618369	Tail	96	Tail
#000000	0.13890673824586	9.68621139419265	Head	96	Head
#000000	0.416131206196733	13.817061830312	Head	96	Head
#000000	0.443835332398303	11.5872848978266	Head	96	Head
#FF0000	0.165002604122274	14.4231322892942	Stand	96	Stand
#0000FF	0.360561110419221	15.495473322086	Tail	96	Tail
#000000	0.252093024076894	10.8849156447221	Head	96	Head
#000000	0.500314721595496	11.325389331812	Head	96	Head
#000000	0.299798489073291	12.5817168398295	Head	96	Head
#000000	0.465611512763426	14.0396384519525	Head	96	Head
#0000FF	0.322605999642983	15.2731268357951	Tail	96	Tail
#0000FF	0.499523424999788	10.3186001398135	Tail	96	Tail
#000000	0.428670106912032	11.1075232214294	Head	96	Head
#0000FF	0.446818642308936	13.988499362953	Tail	96	Tail
#000000	0.201716030589305	14.5425324439537	Head	96	Head
#000000	0.406298912120983	9.01511415010318	Head	96	Head
#0000FF	0.34779844478704	10.0928336371202	Tail	97	Tail
#FF0000	0.0685416352842003	9.79989732885733	Stand	97	Stand
#000000	0.208692259029485	10.2016717050225	Head	97	Head
#000000	0.440773080093786	14.6949438247364	Head	97	Head
#000000	0.265334628163837	10.5595846873242	Head	97	Head
#0000FF	0.0990119101386517	9.48402942894027	Tail	97	Tail
#0000FF	0.303940535746515	13.5480563766789	Tail	97	Tail
#0000FF	0.389876568564214	12.3958323495463	Tail	97	Tail
#0000FF	0.190799326626584	12.5983628784772	Tail	97	Tail
#000000	0.278191281007603	15.4228747115005	Head	97	Head
#0000FF	0.425445936843753	14.934783432493	Tail	97	Tail
#0000FF	0.184887986038812	10.5309668977745	Tail	97	Tail
#FF0000	0.0581427799677476	9.07889414248057	Stand	97	Stand
#000000	0.345456516593695	15.9600973333232	Head	97	Head
#0000FF	0.238288405342028	11.0702962529846	Tail	97	Tail
#000000	0.0742166383331642	11.1130732515361	Head	97	Head
#000000	0.248179284031503	13.4131513965316	Head	97	Head
#0000FF	0.290442175571807	9.23629068378359	Tail	97	Tail
#000000	0.334349135276862	13.0434483420569	Head	97	Head
#0000FF	0.106898436080664	10.8325091178063	Tail	97	Tail
#000000	0.0532122768834233	13.9375961172394	Head	97	Head
#000000	0.426064421762712	11.1037306327838	Head	97	Head
#000000	0.478246908974834	14.8886912561487	Head	97	Head
#0000FF	0.011337856752798	10.2213314069435	Tail	97	Tail
#0000FF	0.0558156196400523	8.34544474547729	Tail	97	Tail
#0000FF	0.259969361000694	11.9270619048271	Tail	97	Tail
#000000	0.255030010933988	15.7134510014672	Head	97	Head
#000000	0.429188628322445	11.5422463124618	Head	97	Head
#000000	0.329670511642471	14.8587810939178	Head	97	Head
#0000FF	0.492238304917701	9.87550783022307	Tail	97	Tail
#000000	0.508477364308201	14.3493781911675	Head	97	Head
#0000FF	0.287183352736756	14.9384605021682	Tail	97	Tail
#FF0000	0.239610495269299	8.59179224334657	Stand	97	Stand
#0000FF	0.362957729715854	12.3389368312433	Tail	97	Tail
#0000FF	0.448001621630974	9.76626442982815	Tail	97	Tail
#000000	0.450760150086135	15.8958451168146	Head	97	Head
#000000	0.225571414446458	9.84690808523446	Head	97	Head
#000000	0.494245571773499	10.773409625981	Head	97	Head
#0000FF	0.310940158776939	13.7489796484355	Tail	97	Tail
#FF0000	0.271994468281046	11.1601373806596	Stand	97	Stand
#000000	0.459911499861628	14.4910243749153	Head	97	Head
#000000	0.422637603119947	9.39313502809964	Head	97	Head
#000000	0.323829484512098	14.3989587429445	Head	97	Head
#000000	0.348937883847393	14.1470437079668	Head	97	Head
#0000FF	0.254226533453912	15.0054516400676	Tail	97	Tail
#0000FF	0.308001287854277	14.6725838366896	Tail	97	Tail
#0000FF	0.0886149550694972	14.7146526134573	Tail	97	Tail
#0000FF	0.400541814034805	13.1596622859593	Tail	97	Tail
#FF0000	0.0774653053283691	14.9222718230449	Stand	97	Stand
#000000	0.16381146594882	12.9644438959192	Head	97	Head
#0000FF	0.499793324144557	11.2073162660003	Tail	97	Tail
#000000	0.337280595432967	15.5000076191965	Head	97	Head
#000000	0.424898494607769	13.0087041860912	Head	97	Head
#0000FF	0.111165250292979	8.88728319909423	Tail	97	Tail
#0000FF	0.453740587332286	11.5412940931972	Tail	97	Tail
#0000FF	0.239629023931921	12.4057538162451	Tail	97	Tail
#000000	0.129560211431235	12.0116586739197	Head	97	Head
#0000FF	0.0655364397587255	15.3886513052974	Tail	97	Tail
#000000	0.50372586235404	11.6769075221382	Head	97	Head
#000000	0.326139115486294	11.1667007556185	Head	97	Head
#FF0000	0.0265200321935117	11.3706753288861	Stand	97	Stand
#0000FF	0.2283898355579	12.5789901987649	Tail	97	Tail
#0000FF	0.503412398267537	12.6640625789762	Tail	97	Tail
#000000	0.062543587400578	9.74628288419917	Head	97	Head
#FF0000	0.303926341924816	10.7076225993223	Stand	97	Stand
#000000	0.386929165795445	14.3162729012314	Head	97	Head
#0000FF	0.135025108456612	10.7046526200138	Tail	97	Tail
#0000FF	0.175047053131275	8.7568667490501	Tail	97	Tail
#000000	0.149506858424284	14.1739448742475	Head	97	Head
#0000FF	0.284154794402421	14.7699618048966	Tail	97	Tail
#000000	0.450963066066615	11.1210486006923	Head	97	Head
#0000FF	0.131499434462748	13.5675662557129	Tail	97	Tail
#000000	0.342859223824926	13.0902555613779	Head	97	Head
#0000FF	0.373053858629428	15.7867367291823	Tail	97	Tail
#FF0000	0.317482275413349	12.144708814472	Stand	97	Stand
#000000	0.0693903800472617	15.9878055160865	Head	97	Head
#FF0000	0.0880201671877876	15.9957972571719	Stand	97	Stand
#000000	0.0618432977842167	8.45936055579223	Head	97	Head
#000000	0.176653641383164	10.7572617995553	Head	97	Head
#0000FF	0.0952670621825382	8.30943875964731	Tail	97	Tail
#0000FF	0.496498085316271	9.70886004618369	Tail	97	Tail
#000000	0.13890673824586	9.68621139419265	Head	97	Head
#000000	0.416131206196733	13.817061830312	Head	97	Head
#000000	0.443835332398303	11.5872848978266	Head	97	Head
#FF0000	0.165002604122274	14.4231322892942	Stand	97	Stand
#0000FF	0.360561110419221	15.495473322086	Tail	97	Tail
#000000	0.252093024076894	10.8849156447221	Head	97	Head
#000000	0.500314721595496	11.325389331812	Head	97	Head
#000000	0.299798489073291	12.5817168398295	Head	97	Head
#000000	0.465611512763426	14.0396384519525	Head	97	Head
#0000FF	0.322605999642983	15.2731268357951	Tail	97	Tail
#0000FF	0.499523424999788	10.3186001398135	Tail	97	Tail
#000000	0.428670106912032	11.1075232214294	Head	97	Head
#0000FF	0.446818642308936	13.988499362953	Tail	97	Tail
#000000	0.201716030589305	14.5425324439537	Head	97	Head
#000000	0.406298912120983	9.01511415010318	Head	97	Head
#0000FF	0.257311601648107	12.4200082459021	Tail	97	Tail
#0000FF	0.34779844478704	10.0928336371202	Tail	98	Tail
#FF0000	0.0685416352842003	9.79989732885733	Stand	98	Stand
#000000	0.208692259029485	10.2016717050225	Head	98	Head
#000000	0.440773080093786	14.6949438247364	Head	98	Head
#000000	0.265334628163837	10.5595846873242	Head	98	Head
#0000FF	0.0990119101386517	9.48402942894027	Tail	98	Tail
#0000FF	0.303940535746515	13.5480563766789	Tail	98	Tail
#0000FF	0.389876568564214	12.3958323495463	Tail	98	Tail
#0000FF	0.190799326626584	12.5983628784772	Tail	98	Tail
#000000	0.278191281007603	15.4228747115005	Head	98	Head
#0000FF	0.425445936843753	14.934783432493	Tail	98	Tail
#0000FF	0.184887986038812	10.5309668977745	Tail	98	Tail
#FF0000	0.0581427799677476	9.07889414248057	Stand	98	Stand
#000000	0.345456516593695	15.9600973333232	Head	98	Head
#0000FF	0.238288405342028	11.0702962529846	Tail	98	Tail
#000000	0.0742166383331642	11.1130732515361	Head	98	Head
#000000	0.248179284031503	13.4131513965316	Head	98	Head
#0000FF	0.290442175571807	9.23629068378359	Tail	98	Tail
#000000	0.334349135276862	13.0434483420569	Head	98	Head
#0000FF	0.106898436080664	10.8325091178063	Tail	98	Tail
#000000	0.0532122768834233	13.9375961172394	Head	98	Head
#000000	0.426064421762712	11.1037306327838	Head	98	Head
#000000	0.478246908974834	14.8886912561487	Head	98	Head
#0000FF	0.011337856752798	10.2213314069435	Tail	98	Tail
#0000FF	0.0558156196400523	8.34544474547729	Tail	98	Tail
#0000FF	0.259969361000694	11.9270619048271	Tail	98	Tail
#000000	0.255030010933988	15.7134510014672	Head	98	Head
#000000	0.429188628322445	11.5422463124618	Head	98	Head
#000000	0.329670511642471	14.8587810939178	Head	98	Head
#0000FF	0.492238304917701	9.87550783022307	Tail	98	Tail
#000000	0.508477364308201	14.3493781911675	Head	98	Head
#0000FF	0.287183352736756	14.9384605021682	Tail	98	Tail
#FF0000	0.239610495269299	8.59179224334657	Stand	98	Stand
#0000FF	0.362957729715854	12.3389368312433	Tail	98	Tail
#0000FF	0.448001621630974	9.76626442982815	Tail	98	Tail
#000000	0.450760150086135	15.8958451168146	Head	98	Head
#000000	0.225571414446458	9.84690808523446	Head	98	Head
#000000	0.494245571773499	10.773409625981	Head	98	Head
#0000FF	0.310940158776939	13.7489796484355	Tail	98	Tail
#FF0000	0.271994468281046	11.1601373806596	Stand	98	Stand
#000000	0.459911499861628	14.4910243749153	Head	98	Head
#000000	0.422637603119947	9.39313502809964	Head	98	Head
#000000	0.323829484512098	14.3989587429445	Head	98	Head
#000000	0.348937883847393	14.1470437079668	Head	98	Head
#0000FF	0.254226533453912	15.0054516400676	Tail	98	Tail
#0000FF	0.308001287854277	14.6725838366896	Tail	98	Tail
#0000FF	0.0886149550694972	14.7146526134573	Tail	98	Tail
#0000FF	0.400541814034805	13.1596622859593	Tail	98	Tail
#FF0000	0.0774653053283691	14.9222718230449	Stand	98	Stand
#000000	0.16381146594882	12.9644438959192	Head	98	Head
#0000FF	0.499793324144557	11.2073162660003	Tail	98	Tail
#000000	0.337280595432967	15.5000076191965	Head	98	Head
#000000	0.424898494607769	13.0087041860912	Head	98	Head
#0000FF	0.111165250292979	8.88728319909423	Tail	98	Tail
#0000FF	0.453740587332286	11.5412940931972	Tail	98	Tail
#0000FF	0.239629023931921	12.4057538162451	Tail	98	Tail
#000000	0.129560211431235	12.0116586739197	Head	98	Head
#0000FF	0.0655364397587255	15.3886513052974	Tail	98	Tail
#000000	0.50372586235404	11.6769075221382	Head	98	Head
#000000	0.326139115486294	11.1667007556185	Head	98	Head
#FF0000	0.0265200321935117	11.3706753288861	Stand	98	Stand
#0000FF	0.2283898355579	12.5789901987649	Tail	98	Tail
#0000FF	0.503412398267537	12.6640625789762	Tail	98	Tail
#000000	0.062543587400578	9.74628288419917	Head	98	Head
#FF0000	0.303926341924816	10.7076225993223	Stand	98	Stand
#000000	0.386929165795445	14.3162729012314	Head	98	Head
#0000FF	0.135025108456612	10.7046526200138	Tail	98	Tail
#0000FF	0.175047053131275	8.7568667490501	Tail	98	Tail
#000000	0.149506858424284	14.1739448742475	Head	98	Head
#0000FF	0.284154794402421	14.7699618048966	Tail	98	Tail
#000000	0.450963066066615	11.1210486006923	Head	98	Head
#0000FF	0.131499434462748	13.5675662557129	Tail	98	Tail
#000000	0.342859223824926	13.0902555613779	Head	98	Head
#0000FF	0.373053858629428	15.7867367291823	Tail	98	Tail
#FF0000	0.317482275413349	12.144708814472	Stand	98	Stand
#000000	0.0693903800472617	15.9878055160865	Head	98	Head
#FF0000	0.0880201671877876	15.9957972571719	Stand	98	Stand
#000000	0.0618432977842167	8.45936055579223	Head	98	Head
#000000	0.176653641383164	10.7572617995553	Head	98	Head
#0000FF	0.0952670621825382	8.30943875964731	Tail	98	Tail
#0000FF	0.496498085316271	9.70886004618369	Tail	98	Tail
#000000	0.13890673824586	9.68621139419265	Head	98	Head
#000000	0.416131206196733	13.817061830312	Head	98	Head
#000000	0.443835332398303	11.5872848978266	Head	98	Head
#FF0000	0.165002604122274	14.4231322892942	Stand	98	Stand
#0000FF	0.360561110419221	15.495473322086	Tail	98	Tail
#000000	0.252093024076894	10.8849156447221	Head	98	Head
#000000	0.500314721595496	11.325389331812	Head	98	Head
#000000	0.299798489073291	12.5817168398295	Head	98	Head
#000000	0.465611512763426	14.0396384519525	Head	98	Head
#0000FF	0.322605999642983	15.2731268357951	Tail	98	Tail
#0000FF	0.499523424999788	10.3186001398135	Tail	98	Tail
#000000	0.428670106912032	11.1075232214294	Head	98	Head
#0000FF	0.446818642308936	13.988499362953	Tail	98	Tail
#000000	0.201716030589305	14.5425324439537	Head	98	Head
#000000	0.406298912120983	9.01511415010318	Head	98	Head
#0000FF	0.257311601648107	12.4200082459021	Tail	98	Tail
#000000	0.060438896054402	9.71826357077807	Head	98	Head
#0000FF	0.34779844478704	10.0928336371202	Tail	99	Tail
#FF0000	0.0685416352842003	9.79989732885733	Stand	99	Stand
#000000	0.208692259029485	10.2016717050225	Head	99	Head
#000000	0.440773080093786	14.6949438247364	Head	99	Head
#000000	0.265334628163837	10.5595846873242	Head	99	Head
#0000FF	0.0990119101386517	9.48402942894027	Tail	99	Tail
#0000FF	0.303940535746515	13.5480563766789	Tail	99	Tail
#0000FF	0.389876568564214	12.3958323495463	Tail	99	Tail
#0000FF	0.190799326626584	12.5983628784772	Tail	99	Tail
#000000	0.278191281007603	15.4228747115005	Head	99	Head
#0000FF	0.425445936843753	14.934783432493	Tail	99	Tail
#0000FF	0.184887986038812	10.5309668977745	Tail	99	Tail
#FF0000	0.0581427799677476	9.07889414248057	Stand	99	Stand
#000000	0.345456516593695	15.9600973333232	Head	99	Head
#0000FF	0.238288405342028	11.0702962529846	Tail	99	Tail
#000000	0.0742166383331642	11.1130732515361	Head	99	Head
#000000	0.248179284031503	13.4131513965316	Head	99	Head
#0000FF	0.290442175571807	9.23629068378359	Tail	99	Tail
#000000	0.334349135276862	13.0434483420569	Head	99	Head
#0000FF	0.106898436080664	10.8325091178063	Tail	99	Tail
#000000	0.0532122768834233	13.9375961172394	Head	99	Head
#000000	0.426064421762712	11.1037306327838	Head	99	Head
#000000	0.478246908974834	14.8886912561487	Head	99	Head
#0000FF	0.011337856752798	10.2213314069435	Tail	99	Tail
#0000FF	0.0558156196400523	8.34544474547729	Tail	99	Tail
#0000FF	0.259969361000694	11.9270619048271	Tail	99	Tail
#000000	0.255030010933988	15.7134510014672	Head	99	Head
#000000	0.429188628322445	11.5422463124618	Head	99	Head
#000000	0.329670511642471	14.8587810939178	Head	99	Head
#0000FF	0.492238304917701	9.87550783022307	Tail	99	Tail
#000000	0.508477364308201	14.3493781911675	Head	99	Head
#0000FF	0.287183352736756	14.9384605021682	Tail	99	Tail
#FF0000	0.239610495269299	8.59179224334657	Stand	99	Stand
#0000FF	0.362957729715854	12.3389368312433	Tail	99	Tail
#0000FF	0.448001621630974	9.76626442982815	Tail	99	Tail
#000000	0.450760150086135	15.8958451168146	Head	99	Head
#000000	0.225571414446458	9.84690808523446	Head	99	Head
#000000	0.494245571773499	10.773409625981	Head	99	Head
#0000FF	0.310940158776939	13.7489796484355	Tail	99	Tail
#FF0000	0.271994468281046	11.1601373806596	Stand	99	Stand
#000000	0.459911499861628	14.4910243749153	Head	99	Head
#000000	0.422637603119947	9.39313502809964	Head	99	Head
#000000	0.323829484512098	14.3989587429445	Head	99	Head
#000000	0.348937883847393	14.1470437079668	Head	99	Head
#0000FF	0.254226533453912	15.0054516400676	Tail	99	Tail
#0000FF	0.308001287854277	14.6725838366896	Tail	99	Tail
#0000FF	0.0886149550694972	14.7146526134573	Tail	99	Tail
#0000FF	0.400541814034805	13.1596622859593	Tail	99	Tail
#FF0000	0.0774653053283691	14.9222718230449	Stand	99	Stand
#000000	0.16381146594882	12.9644438959192	Head	99	Head
#0000FF	0.499793324144557	11.2073162660003	Tail	99	Tail
#000000	0.337280595432967	15.5000076191965	Head	99	Head
#000000	0.424898494607769	13.0087041860912	Head	99	Head
#0000FF	0.111165250292979	8.88728319909423	Tail	99	Tail
#0000FF	0.453740587332286	11.5412940931972	Tail	99	Tail
#0000FF	0.239629023931921	12.4057538162451	Tail	99	Tail
#000000	0.129560211431235	12.0116586739197	Head	99	Head
#0000FF	0.0655364397587255	15.3886513052974	Tail	99	Tail
#000000	0.50372586235404	11.6769075221382	Head	99	Head
#000000	0.326139115486294	11.1667007556185	Head	99	Head
#FF0000	0.0265200321935117	11.3706753288861	Stand	99	Stand
#0000FF	0.2283898355579	12.5789901987649	Tail	99	Tail
#0000FF	0.503412398267537	12.6640625789762	Tail	99	Tail
#000000	0.062543587400578	9.74628288419917	Head	99	Head
#FF0000	0.303926341924816	10.7076225993223	Stand	99	Stand
#000000	0.386929165795445	14.3162729012314	Head	99	Head
#0000FF	0.135025108456612	10.7046526200138	Tail	99	Tail
#0000FF	0.175047053131275	8.7568667490501	Tail	99	Tail
#000000	0.149506858424284	14.1739448742475	Head	99	Head
#0000FF	0.284154794402421	14.7699618048966	Tail	99	Tail
#000000	0.450963066066615	11.1210486006923	Head	99	Head
#0000FF	0.131499434462748	13.5675662557129	Tail	99	Tail
#000000	0.342859223824926	13.0902555613779	Head	99	Head
#0000FF	0.373053858629428	15.7867367291823	Tail	99	Tail
#FF0000	0.317482275413349	12.144708814472	Stand	99	Stand
#000000	0.0693903800472617	15.9878055160865	Head	99	Head
#FF0000	0.0880201671877876	15.9957972571719	Stand	99	Stand
#000000	0.0618432977842167	8.45936055579223	Head	99	Head
#000000	0.176653641383164	10.7572617995553	Head	99	Head
#0000FF	0.0952670621825382	8.30943875964731	Tail	99	Tail
#0000FF	0.496498085316271	9.70886004618369	Tail	99	Tail
#000000	0.13890673824586	9.68621139419265	Head	99	Head
#000000	0.416131206196733	13.817061830312	Head	99	Head
#000000	0.443835332398303	11.5872848978266	Head	99	Head
#FF0000	0.165002604122274	14.4231322892942	Stand	99	Stand
#0000FF	0.360561110419221	15.495473322086	Tail	99	Tail
#000000	0.252093024076894	10.8849156447221	Head	99	Head
#000000	0.500314721595496	11.325389331812	Head	99	Head
#000000	0.299798489073291	12.5817168398295	Head	99	Head
#000000	0.465611512763426	14.0396384519525	Head	99	Head
#0000FF	0.322605999642983	15.2731268357951	Tail	99	Tail
#0000FF	0.499523424999788	10.3186001398135	Tail	99	Tail
#000000	0.428670106912032	11.1075232214294	Head	99	Head
#0000FF	0.446818642308936	13.988499362953	Tail	99	Tail
#000000	0.201716030589305	14.5425324439537	Head	99	Head
#000000	0.406298912120983	9.01511415010318	Head	99	Head
#0000FF	0.257311601648107	12.4200082459021	Tail	99	Tail
#000000	0.060438896054402	9.71826357077807	Head	99	Head
#000000	0.0345773483766243	15.4336152988486	Head	99	Head
#0000FF	0.34779844478704	10.0928336371202	Tail	100	Tail
#FF0000	0.0685416352842003	9.79989732885733	Stand	100	Stand
#000000	0.208692259029485	10.2016717050225	Head	100	Head
#000000	0.440773080093786	14.6949438247364	Head	100	Head
#000000	0.265334628163837	10.5595846873242	Head	100	Head
#0000FF	0.0990119101386517	9.48402942894027	Tail	100	Tail
#0000FF	0.303940535746515	13.5480563766789	Tail	100	Tail
#0000FF	0.389876568564214	12.3958323495463	Tail	100	Tail
#0000FF	0.190799326626584	12.5983628784772	Tail	100	Tail
#000000	0.278191281007603	15.4228747115005	Head	100	Head
#0000FF	0.425445936843753	14.934783432493	Tail	100	Tail
#0000FF	0.184887986038812	10.5309668977745	Tail	100	Tail
#FF0000	0.0581427799677476	9.07889414248057	Stand	100	Stand
#000000	0.345456516593695	15.9600973333232	Head	100	Head
#0000FF	0.238288405342028	11.0702962529846	Tail	100	Tail
#000000	0.0742166383331642	11.1130732515361	Head	100	Head
#000000	0.248179284031503	13.4131513965316	Head	100	Head
#0000FF	0.290442175571807	9.23629068378359	Tail	100	Tail
#000000	0.334349135276862	13.0434483420569	Head	100	Head
#0000FF	0.106898436080664	10.8325091178063	Tail	100	Tail
#000000	0.0532122768834233	13.9375961172394	Head	100	Head
#000000	0.426064421762712	11.1037306327838	Head	100	Head
#000000	0.478246908974834	14.8886912561487	Head	100	Head
#0000FF	0.011337856752798	10.2213314069435	Tail	100	Tail
#0000FF	0.0558156196400523	8.34544474547729	Tail	100	Tail
#0000FF	0.259969361000694	11.9270619048271	Tail	100	Tail
#000000	0.255030010933988	15.7134510014672	Head	100	Head
#000000	0.429188628322445	11.5422463124618	Head	100	Head
#000000	0.329670511642471	14.8587810939178	Head	100	Head
#0000FF	0.492238304917701	9.87550783022307	Tail	100	Tail
#000000	0.508477364308201	14.3493781911675	Head	100	Head
#0000FF	0.287183352736756	14.9384605021682	Tail	100	Tail
#FF0000	0.239610495269299	8.59179224334657	Stand	100	Stand
#0000FF	0.362957729715854	12.3389368312433	Tail	100	Tail
#0000FF	0.448001621630974	9.76626442982815	Tail	100	Tail
#000000	0.450760150086135	15.8958451168146	Head	100	Head
#000000	0.225571414446458	9.84690808523446	Head	100	Head
#000000	0.494245571773499	10.773409625981	Head	100	Head
#0000FF	0.310940158776939	13.7489796484355	Tail	100	Tail
#FF0000	0.271994468281046	11.1601373806596	Stand	100	Stand
#000000	0.459911499861628	14.4910243749153	Head	100	Head
#000000	0.422637603119947	9.39313502809964	Head	100	Head
#000000	0.323829484512098	14.3989587429445	Head	100	Head
#000000	0.348937883847393	14.1470437079668	Head	100	Head
#0000FF	0.254226533453912	15.0054516400676	Tail	100	Tail
#0000FF	0.308001287854277	14.6725838366896	Tail	100	Tail
#0000FF	0.0886149550694972	14.7146526134573	Tail	100	Tail
#0000FF	0.400541814034805	13.1596622859593	Tail	100	Tail
#FF0000	0.0774653053283691	14.9222718230449	Stand	100	Stand
#000000	0.16381146594882	12.9644438959192	Head	100	Head
#0000FF	0.499793324144557	11.2073162660003	Tail	100	Tail
#000000	0.337280595432967	15.5000076191965	Head	100	Head
#000000	0.424898494607769	13.0087041860912	Head	100	Head
#0000FF	0.111165250292979	8.88728319909423	Tail	100	Tail
#0000FF	0.453740587332286	11.5412940931972	Tail	100	Tail
#0000FF	0.239629023931921	12.4057538162451	Tail	100	Tail
#000000	0.129560211431235	12.0116586739197	Head	100	Head
#0000FF	0.0655364397587255	15.3886513052974	Tail	100	Tail
#000000	0.50372586235404	11.6769075221382	Head	100	Head
#000000	0.326139115486294	11.1667007556185	Head	100	Head
#FF0000	0.0265200321935117	11.3706753288861	Stand	100	Stand
#0000FF	0.2283898355579	12.5789901987649	Tail	100	Tail
#0000FF	0.503412398267537	12.6640625789762	Tail	100	Tail
#000000	0.062543587400578	9.74628288419917	Head	100	Head
#FF0000	0.303926341924816	10.7076225993223	Stand	100	Stand
#000000	0.386929165795445	14.3162729012314	Head	100	Head
#0000FF	0.135025108456612	10.7046526200138	Tail	100	Tail
#0000FF	0.175047053131275	8.7568667490501	Tail	100	Tail
#000000	0.149506858424284	14.1739448742475	Head	100	Head
#0000FF	0.284154794402421	14.7699618048966	Tail	100	Tail
#000000	0.450963066066615	11.1210486006923	Head	100	Head
#0000FF	0.131499434462748	13.5675662557129	Tail	100	Tail
#000000	0.342859223824926	13.0902555613779	Head	100	Head
#0000FF	0.373053858629428	15.7867367291823	Tail	100	Tail
#FF0000	0.317482275413349	12.144708814472	Stand	100	Stand
#000000	0.0693903800472617	15.9878055160865	Head	100	Head
#FF0000	0.0880201671877876	15.9957972571719	Stand	100	Stand
#000000	0.0618432977842167	8.45936055579223	Head	100	Head
#000000	0.176653641383164	10.7572617995553	Head	100	Head
#0000FF	0.0952670621825382	8.30943875964731	Tail	100	Tail
#0000FF	0.496498085316271	9.70886004618369	Tail	100	Tail
#000000	0.13890673824586	9.68621139419265	Head	100	Head
#000000	0.416131206196733	13.817061830312	Head	100	Head
#000000	0.443835332398303	11.5872848978266	Head	100	Head
#FF0000	0.165002604122274	14.4231322892942	Stand	100	Stand
#0000FF	0.360561110419221	15.495473322086	Tail	100	Tail
#000000	0.252093024076894	10.8849156447221	Head	100	Head
#000000	0.500314721595496	11.325389331812	Head	100	Head
#000000	0.299798489073291	12.5817168398295	Head	100	Head
#000000	0.465611512763426	14.0396384519525	Head	100	Head
#0000FF	0.322605999642983	15.2731268357951	Tail	100	Tail
#0000FF	0.499523424999788	10.3186001398135	Tail	100	Tail
#000000	0.428670106912032	11.1075232214294	Head	100	Head
#0000FF	0.446818642308936	13.988499362953	Tail	100	Tail
#000000	0.201716030589305	14.5425324439537	Head	100	Head
#000000	0.406298912120983	9.01511415010318	Head	100	Head
#0000FF	0.257311601648107	12.4200082459021	Tail	100	Tail
#000000	0.060438896054402	9.71826357077807	Head	100	Head
#000000	0.0345773483766243	15.4336152988486	Head	100	Head
#000000	0.357742290934548	13.1795320537407	Head	100	Head
